"4","50.5","24.8","59.0","338","589","2019-08-11 11:37:38+02:00"
"4","43.0","24.8","56.5","398","554","2019-08-11 11:52:33+02:00"
"4","48.0","25.0","56.5","420","549","2019-08-11 12:07:38+02:00"
"4","43.5","25.3","56.5","438","535","2019-08-11 12:22:32+02:00"
"4","41.0","25.3","56.0","456","546","2019-08-11 12:37:40+02:00"
"4","30.0","25.3","55.0","480","514","2019-08-11 12:52:34+02:00"
"4","30.0","25.5","54.5","476","485","2019-08-11 13:07:40+02:00"
"4","30.0","25.5","54.0","486","474","2019-08-11 13:22:35+02:00"
"4","38.5","25.5","54.0","522","464","2019-08-11 13:37:42+02:00"
"4","36.5","25.5","53.5","534","462","2019-08-11 13:52:36+02:00"
"4","38.5","25.8","53.5","520","474","2019-08-11 14:07:43+02:00"
"4","42.0","25.8","54.0","502","496","2019-08-11 14:22:37+02:00"
"4","37.5","25.8","53.5","480","494","2019-08-11 14:37:33+02:00"
"4","47.5","25.8","53.5","454","487","2019-08-11 14:52:38+02:00"
"4","52.0","25.8","53.5","430","484","2019-08-11 15:07:33+02:00"
"4","40.0","25.8","53.5","410","501","2019-08-11 15:22:39+02:00"
"4","41.5","26.0","53.0","388","484","2019-08-11 15:37:34+02:00"
"4","43.5","26.0","52.5","362","481","2019-08-11 15:52:40+02:00"
"4","52.0","26.0","52.5","328","496","2019-08-11 16:07:34+02:00"
"4","45.0","26.0","53.0","296","491","2019-08-11 16:22:41+02:00"
"4","43.5","26.0","53.5","278","534","2019-08-11 16:37:36+02:00"
"4","46.5","26.0","54.0","256","527","2019-08-11 16:52:32+02:00"
"4","42.0","26.0","55.0","234","492","2019-08-11 17:07:37+02:00"
"4","37.5","26.0","55.5","204","504","2019-08-11 17:22:32+02:00"
"4","38.0","25.8","55.5","174","486","2019-08-11 17:37:32+02:00"
"4","31.5","25.8","55.5","154","475","2019-08-11 17:52:32+02:00"
"4","42.5","25.8","55.5","132","469","2019-08-11 18:07:32+02:00"
"4","30.0","25.8","55.5","108","466","2019-08-11 18:22:31+02:00"
"4","30.0","25.5","55.5","94","460","2019-08-11 18:37:32+02:00"
"4","30.0","25.5","55.0","78","453","2019-08-11 18:52:32+02:00"
"4","30.0","25.5","55.5","64","446","2019-08-11 19:07:32+02:00"
"4","27.0","25.5","56.0","54","456","2019-08-11 19:22:32+02:00"
"4","27.0","25.3","57.0","40","448","2019-08-11 19:37:32+02:00"
"4","27.0","25.3","57.0","26","454","2019-08-11 19:52:32+02:00"
"4","33.0","25.0","57.0","14","458","2019-08-11 20:07:32+02:00"
"4","27.0","25.0","57.5","4","443","2019-08-11 20:22:31+02:00"
"4","27.0","25.0","57.5","0","443","2019-08-11 20:37:31+02:00"
"4","27.0","25.0","58.0","0","446","2019-08-11 20:52:31+02:00"
"4","27.0","24.8","58.0","0","443","2019-08-11 21:07:32+02:00"
"4","27.0","24.8","58.5","0","451","2019-08-11 21:22:31+02:00"
"4","27.0","24.8","59.5","0","443","2019-08-11 21:37:31+02:00"
"4","27.0","24.5","60.0","0","445","2019-08-11 21:52:31+02:00"
"4","27.0","24.5","60.5","0","451","2019-08-11 22:07:31+02:00"
"4","27.0","24.5","61.0","0","443","2019-08-11 22:22:31+02:00"
"4","27.0","24.5","61.0","0","446","2019-08-11 22:37:32+02:00"
"4","27.0","24.3","61.0","0","453","2019-08-11 22:52:32+02:00"
"4","27.0","24.3","60.5","0","445","2019-08-11 23:07:32+02:00"
"4","27.0","24.3","60.5","0","449","2019-08-11 23:22:34+02:00"
"4","27.0","24.3","60.5","0","449","2019-08-11 23:37:31+02:00"
"4","27.0","24.0","60.5","0","451","2019-08-11 23:52:31+02:00"
"4","27.0","24.0","60.0","0","449","2019-08-12 00:07:34+02:00"
"4","27.0","24.0","59.5","0","453","2019-08-12 00:22:31+02:00"
"4","27.0","23.8","59.5","0","452","2019-08-12 00:37:31+02:00"
"4","27.0","23.8","59.0","0","446","2019-08-12 00:52:31+02:00"
"4","27.0","23.8","59.0","0","455","2019-08-12 01:07:31+02:00"
"4","27.0","23.8","58.5","0","456","2019-08-12 01:22:31+02:00"
"4","27.0","23.8","58.0","0","462","2019-08-12 01:37:31+02:00"
"4","27.0","23.5","57.5","0","453","2019-08-12 01:52:34+02:00"
"4","27.0","23.5","57.0","0","450","2019-08-12 02:07:31+02:00"
"4","27.0","23.5","57.0","0","450","2019-08-12 02:22:31+02:00"
"4","27.0","23.5","56.5","0","453","2019-08-12 02:37:31+02:00"
"4","27.0","23.5","56.5","0","464","2019-08-12 02:52:31+02:00"
"4","27.0","23.5","56.5","0","443","2019-08-12 03:07:34+02:00"
"4","27.0","23.3","56.5","0","448","2019-08-12 03:22:30+02:00"
"4","27.0","23.3","56.5","0","451","2019-08-12 03:37:31+02:00"
"4","27.0","23.3","56.5","0","453","2019-08-12 03:52:30+02:00"
"4","27.0","23.3","56.5","0","451","2019-08-12 04:07:31+02:00"
"4","27.0","23.3","56.5","0","449","2019-08-12 04:22:34+02:00"
"4","27.0","23.3","56.5","0","454","2019-08-12 04:37:30+02:00"
"4","27.0","23.3","56.5","0","467","2019-08-12 04:52:31+02:00"
"4","27.0","23.0","56.5","0","463","2019-08-12 05:07:30+02:00"
"4","27.0","23.0","56.5","0","453","2019-08-12 05:22:30+02:00"
"4","27.0","23.0","56.5","0","458","2019-08-12 05:37:30+02:00"
"4","27.0","23.0","56.5","0","466","2019-08-12 05:52:31+02:00"
"4","27.0","23.0","56.5","0","454","2019-08-12 06:07:30+02:00"
"4","27.0","23.0","56.5","0","458","2019-08-12 06:22:30+02:00"
"4","27.0","23.0","56.5","0","469","2019-08-12 06:37:30+02:00"
"4","27.0","23.0","56.5","0","474","2019-08-12 06:52:30+02:00"
"4","27.0","23.0","56.5","0","464","2019-08-12 07:07:30+02:00"
"4","27.0","23.0","56.0","0","457","2019-08-12 07:22:37+02:00"
"4","27.0","22.8","56.0","0","464","2019-08-12 07:37:35+02:00"
"4","27.0","22.8","56.0","4","463","2019-08-12 07:52:32+02:00"
"4","27.0","22.8","56.0","14","459","2019-08-12 08:07:34+02:00"
"4","27.0","22.8","56.0","32","468","2019-08-12 08:22:34+02:00"
"4","27.0","22.8","56.0","56","484","2019-08-12 08:37:35+02:00"
"4","27.0","22.8","55.5","94","473","2019-08-12 08:52:36+02:00"
"4","27.0","22.5","55.5","118","476","2019-08-12 09:07:37+02:00"
"4","27.0","22.5","55.5","142","473","2019-08-12 09:22:38+02:00"
"4","27.0","22.5","55.0","168","476","2019-08-12 09:37:38+02:00"
"4","27.0","22.8","55.0","198","477","2019-08-12 09:52:45+02:00"
"4","27.0","22.8","54.5","224","474","2019-08-12 10:07:40+02:00"
"4","27.0","22.8","54.5","250","466","2019-08-12 10:22:29+02:00"
"4","27.0","23.0","54.0","292","475","2019-08-12 10:37:30+02:00"
"4","27.0","23.0","54.0","330","471","2019-08-12 10:52:29+02:00"
"4","27.0","23.3","53.5","360","469","2019-08-12 11:07:30+02:00"
"4","27.0","23.3","53.5","388","464","2019-08-12 11:22:30+02:00"
"4","27.0","23.3","53.0","400","466","2019-08-12 11:37:30+02:00"
"4","27.0","23.5","53.0","416","448","2019-08-12 11:52:29+02:00"
"4","27.0","23.5","52.5","428","465","2019-08-12 12:07:29+02:00"
"4","30.0","23.8","52.0","438","448","2019-08-12 12:22:29+02:00"
"4","27.0","23.8","51.5","460","443","2019-08-12 12:37:30+02:00"
"4","27.0","24.0","50.0","476","450","2019-08-12 12:52:29+02:00"
"4","27.0","24.0","49.5","482","446","2019-08-12 13:07:30+02:00"
"4","27.0","24.3","47.0","502","452","2019-08-12 13:22:29+02:00"
"4","27.0","24.3","47.5","538","455","2019-08-12 13:37:29+02:00"
"4","27.0","24.5","48.0","544","446","2019-08-12 13:52:29+02:00"
"4","27.0","24.5","48.0","526","453","2019-08-12 14:07:29+02:00"
"4","27.0","24.8","48.0","502","453","2019-08-12 14:22:29+02:00"
"4","27.0","24.8","48.0","480","456","2019-08-12 14:37:31+02:00"
"4","27.0","24.8","47.5","454","451","2019-08-12 14:52:29+02:00"
"4","27.0","24.8","47.5","428","454","2019-08-12 15:07:29+02:00"
"4","27.0","25.0","48.0","412","451","2019-08-12 15:22:29+02:00"
"4","34.0","25.0","48.0","386","439","2019-08-12 15:37:31+02:00"
"4","34.0","25.0","49.0","358","437","2019-08-12 15:52:29+02:00"
"4","27.0","25.0","50.5","326","455","2019-08-12 16:07:28+02:00"
"4","27.0","25.0","51.5","294","455","2019-08-12 16:22:29+02:00"
"4","27.0","25.0","52.0","266","457","2019-08-12 16:37:29+02:00"
"4","27.0","25.0","52.0","248","448","2019-08-12 16:52:28+02:00"
"4","27.0","25.0","52.0","224","452","2019-08-12 17:07:29+02:00"
"4","27.0","25.0","51.0","198","460","2019-08-12 17:22:29+02:00"
"4","33.0","24.8","49.5","168","452","2019-08-12 17:37:29+02:00"
"4","27.0","24.8","48.5","144","462","2019-08-12 17:52:28+02:00"
"4","27.0","24.8","49.0","126","453","2019-08-12 18:07:28+02:00"
"4","27.0","24.8","50.5","104","450","2019-08-12 18:22:28+02:00"
"4","27.0","24.8","50.0","86","449","2019-08-12 18:37:28+02:00"
"4","27.0","24.8","50.0","70","449","2019-08-12 18:52:28+02:00"
"4","27.0","24.8","51.0","58","445","2019-08-12 19:07:29+02:00"
"4","27.0","24.5","52.5","48","437","2019-08-12 19:22:28+02:00"
"4","27.0","24.5","53.5","38","448","2019-08-12 19:37:28+02:00"
"4","27.0","24.5","53.0","26","430","2019-08-12 19:52:28+02:00"
"4","31.5","24.5","52.5","14","444","2019-08-12 20:07:28+02:00"
"4","27.0","24.3","52.5","4","452","2019-08-12 20:22:28+02:00"
"4","27.0","24.3","51.5","0","442","2019-08-12 20:37:28+02:00"
"4","27.0","24.3","51.0","0","454","2019-08-12 20:52:31+02:00"
"4","27.0","24.3","50.0","0","446","2019-08-12 21:07:28+02:00"
"4","30.0","24.0","49.5","0","436","2019-08-12 21:22:28+02:00"
"4","27.0","24.0","51.0","0","450","2019-08-12 21:37:28+02:00"
"4","27.0","24.0","52.5","0","457","2019-08-12 21:52:27+02:00"
"4","27.0","24.0","54.0","0","441","2019-08-12 22:07:28+02:00"
"4","27.0","24.0","54.0","0","447","2019-08-12 22:22:28+02:00"
"4","27.0","24.0","54.5","0","441","2019-08-12 22:37:28+02:00"
"4","27.0","24.0","54.5","0","449","2019-08-12 22:52:27+02:00"
"4","27.0","23.8","56.0","0","449","2019-08-12 23:07:28+02:00"
"4","27.0","23.8","58.0","0","443","2019-08-12 23:22:28+02:00"
"4","27.0","23.8","59.0","0","447","2019-08-12 23:37:27+02:00"
"4","27.0","23.8","59.5","0","436","2019-08-12 23:52:27+02:00"
"4","27.0","23.8","59.5","0","440","2019-08-13 00:07:27+02:00"
"4","27.0","23.8","58.5","0","440","2019-08-13 00:22:28+02:00"
"4","27.0","23.5","57.5","0","452","2019-08-13 00:37:29+02:00"
"4","27.0","23.5","56.5","0","453","2019-08-13 00:52:29+02:00"
"4","27.0","23.5","56.0","0","456","2019-08-13 01:07:30+02:00"
"4","27.0","23.5","55.0","0","453","2019-08-13 01:22:32+02:00"
"4","27.0","23.5","55.0","0","450","2019-08-13 01:37:32+02:00"
"4","27.0","23.5","55.5","0","448","2019-08-13 01:52:33+02:00"
"4","27.0","23.5","56.0","0","446","2019-08-13 02:07:34+02:00"
"4","27.0","23.3","55.5","0","460","2019-08-13 02:22:34+02:00"
"4","27.0","23.3","55.0","0","461","2019-08-13 02:37:35+02:00"
"4","27.0","23.3","53.5","0","458","2019-08-13 02:52:36+02:00"
"4","27.0","23.3","52.5","0","450","2019-08-13 03:07:37+02:00"
"4","27.0","23.3","52.0","0","469","2019-08-13 03:22:28+02:00"
"4","27.0","23.3","51.5","0","471","2019-08-13 03:37:27+02:00"
"4","27.0","23.3","50.5","0","472","2019-08-13 03:52:27+02:00"
"4","27.0","23.3","50.0","0","449","2019-08-13 04:07:27+02:00"
"4","27.0","23.3","50.0","0","465","2019-08-13 04:22:27+02:00"
"4","27.0","23.0","49.5","0","461","2019-08-13 04:37:26+02:00"
"4","27.0","23.0","49.5","0","472","2019-08-13 04:52:27+02:00"
"4","27.0","23.0","49.0","0","463","2019-08-13 05:07:26+02:00"
"4","27.0","23.0","49.0","0","455","2019-08-13 05:22:27+02:00"
"4","27.0","23.0","49.0","0","471","2019-08-13 05:37:27+02:00"
"4","27.0","23.0","48.5","0","458","2019-08-13 05:52:27+02:00"
"4","27.0","23.0","48.5","0","467","2019-08-13 06:07:27+02:00"
"4","27.0","23.0","48.5","0","459","2019-08-13 06:22:26+02:00"
"4","27.0","23.0","48.5","0","475","2019-08-13 06:37:27+02:00"
"4","27.0","23.0","48.0","0","466","2019-08-13 06:52:26+02:00"
"4","27.0","22.8","48.0","0","469","2019-08-13 07:07:27+02:00"
"4","27.0","22.8","48.0","0","471","2019-08-13 07:22:27+02:00"
"4","27.0","22.8","47.5","0","465","2019-08-13 07:37:27+02:00"
"4","27.0","22.8","47.5","4","466","2019-08-13 07:52:29+02:00"
"4","27.0","22.8","47.5","12","468","2019-08-13 08:07:27+02:00"
"4","27.0","22.8","47.0","28","464","2019-08-13 08:22:26+02:00"
"4","27.0","22.8","47.0","50","465","2019-08-13 08:37:26+02:00"
"4","27.0","22.8","47.0","80","473","2019-08-13 08:52:26+02:00"
"4","30.0","22.8","47.0","106","468","2019-08-13 09:07:26+02:00"
"4","27.0","22.8","47.0","132","465","2019-08-13 09:22:26+02:00"
"4","27.0","22.8","46.5","162","475","2019-08-13 09:37:26+02:00"
"4","27.0","22.8","46.5","190","481","2019-08-13 09:52:26+02:00"
"4","27.0","22.8","46.5","224","467","2019-08-13 10:07:26+02:00"
"4","30.0","23.0","46.5","258","472","2019-08-13 10:22:26+02:00"
"4","30.0","23.0","46.5","300","474","2019-08-13 10:37:26+02:00"
"4","27.0","23.3","46.5","336","469","2019-08-13 10:52:26+02:00"
"4","27.0","23.3","46.5","368","467","2019-08-13 11:07:26+02:00"
"4","27.0","23.5","46.0","398","463","2019-08-13 11:22:26+02:00"
"4","27.0","23.5","46.0","416","454","2019-08-13 11:37:26+02:00"
"4","27.0","23.8","46.0","436","467","2019-08-13 11:52:25+02:00"
"4","27.0","23.8","46.0","454","448","2019-08-13 12:07:26+02:00"
"4","27.0","24.0","46.0","462","450","2019-08-13 12:22:26+02:00"
"4","27.0","24.0","45.5","476","461","2019-08-13 12:37:26+02:00"
"4","27.0","24.3","45.0","480","454","2019-08-13 12:52:25+02:00"
"4","27.0","24.5","45.0","488","464","2019-08-13 13:07:26+02:00"
"4","27.0","24.5","44.5","514","451","2019-08-13 13:22:26+02:00"
"4","27.0","24.8","44.5","554","445","2019-08-13 13:37:25+02:00"
"4","27.0","24.8","44.0","562","449","2019-08-13 13:52:26+02:00"
"4","27.0","25.0","44.0","548","444","2019-08-13 14:07:25+02:00"
"4","27.0","25.0","43.5","516","453","2019-08-13 14:22:26+02:00"
"4","27.0","25.3","43.5","490","464","2019-08-13 14:37:25+02:00"
"4","27.0","25.3","43.0","460","447","2019-08-13 14:52:26+02:00"
"4","27.0","25.3","43.0","438","448","2019-08-13 15:07:25+02:00"
"4","27.0","25.5","42.5","408","450","2019-08-13 15:22:26+02:00"
"4","27.0","25.5","42.0","388","452","2019-08-13 15:37:25+02:00"
"4","27.0","25.5","42.0","362","457","2019-08-13 15:52:25+02:00"
"4","27.0","25.5","42.0","324","450","2019-08-13 16:07:25+02:00"
"4","27.0","25.8","42.0","286","454","2019-08-13 16:22:26+02:00"
"4","27.0","25.8","41.5","260","462","2019-08-13 16:37:25+02:00"
"4","27.0","25.8","41.5","240","442","2019-08-13 16:52:25+02:00"
"4","27.0","25.8","42.0","218","454","2019-08-13 17:07:25+02:00"
"4","27.0","25.8","42.0","194","453","2019-08-13 17:22:26+02:00"
"4","27.0","25.8","42.0","164","442","2019-08-13 17:37:26+02:00"
"4","27.0","25.8","41.5","140","438","2019-08-13 17:52:27+02:00"
"4","27.0","25.8","41.5","124","453","2019-08-13 18:07:27+02:00"
"4","27.0","25.8","41.0","102","452","2019-08-13 18:22:28+02:00"
"4","27.0","25.8","41.0","84","461","2019-08-13 18:37:29+02:00"
"4","27.0","25.8","41.0","70","452","2019-08-13 18:52:30+02:00"
"4","27.0","25.8","41.5","58","456","2019-08-13 19:07:31+02:00"
"4","27.0","25.5","42.0","48","451","2019-08-13 19:22:32+02:00"
"4","27.0","25.5","42.0","36","448","2019-08-13 19:37:32+02:00"
"4","27.0","25.5","42.5","24","452","2019-08-13 19:52:33+02:00"
"4","27.0","25.5","43.0","12","456","2019-08-13 20:07:35+02:00"
"4","27.0","25.5","45.0","4","458","2019-08-13 20:22:25+02:00"
"4","27.0","25.5","47.5","0","448","2019-08-13 20:37:24+02:00"
"4","27.0","25.3","49.5","0","459","2019-08-13 20:52:25+02:00"
"4","27.0","25.3","50.0","0","465","2019-08-13 21:07:24+02:00"
"4","27.0","25.3","50.5","0","461","2019-08-13 21:22:28+02:00"
"4","27.0","25.3","50.5","0","463","2019-08-13 21:37:24+02:00"
"4","27.0","25.0","50.0","0","462","2019-08-13 21:52:24+02:00"
"4","27.0","25.0","50.0","0","457","2019-08-13 22:07:24+02:00"
"4","27.0","25.0","49.5","0","472","2019-08-13 22:22:24+02:00"
"4","27.0","25.0","49.0","0","456","2019-08-13 22:37:25+02:00"
"4","27.0","25.0","48.5","0","455","2019-08-13 22:52:24+02:00"
"4","27.0","25.0","48.0","0","459","2019-08-13 23:07:24+02:00"
"4","27.0","24.8","48.0","0","460","2019-08-13 23:22:25+02:00"
"4","27.0","24.8","47.0","0","455","2019-08-13 23:37:24+02:00"
"4","27.0","24.8","46.5","0","466","2019-08-13 23:52:24+02:00"
"4","27.0","24.8","45.5","0","451","2019-08-14 00:07:24+02:00"
"4","27.0","24.8","45.0","0","463","2019-08-14 00:22:24+02:00"
"4","27.0","24.8","44.5","0","456","2019-08-14 00:37:23+02:00"
"4","27.0","24.8","44.0","0","455","2019-08-14 00:52:24+02:00"
"4","27.0","24.8","43.5","0","461","2019-08-14 01:07:23+02:00"
"4","27.0","24.8","43.0","0","461","2019-08-14 01:22:24+02:00"
"4","27.0","24.8","43.0","0","464","2019-08-14 01:37:24+02:00"
"4","27.0","24.8","42.5","0","454","2019-08-14 01:52:24+02:00"
"4","27.0","24.5","42.0","0","450","2019-08-14 02:07:23+02:00"
"4","27.0","24.5","42.0","0","471","2019-08-14 02:22:23+02:00"
"4","27.0","24.5","42.0","0","450","2019-08-14 02:37:24+02:00"
"4","27.0","24.5","42.0","0","461","2019-08-14 02:52:24+02:00"
"4","27.0","24.5","42.0","0","470","2019-08-14 03:07:23+02:00"
"4","27.0","24.5","42.0","0","461","2019-08-14 03:22:23+02:00"
"4","27.0","24.5","41.5","0","456","2019-08-14 03:37:23+02:00"
"4","27.0","24.5","41.5","0","463","2019-08-14 03:52:23+02:00"
"4","27.0","24.5","41.5","0","471","2019-08-14 04:07:23+02:00"
"4","27.0","24.3","41.5","0","467","2019-08-14 04:22:23+02:00"
"4","27.0","24.3","41.5","0","457","2019-08-14 04:37:24+02:00"
"4","27.0","24.3","41.5","0","460","2019-08-14 04:52:23+02:00"
"4","27.0","24.3","41.5","0","473","2019-08-14 05:07:23+02:00"
"4","27.0","24.3","41.5","0","457","2019-08-14 05:22:23+02:00"
"4","27.0","24.3","41.5","0","460","2019-08-14 05:37:23+02:00"
"4","27.0","24.3","41.5","0","453","2019-08-14 05:52:23+02:00"
"4","27.0","24.3","42.0","0","460","2019-08-14 06:07:24+02:00"
"4","27.0","24.3","42.0","0","458","2019-08-14 06:22:23+02:00"
"4","27.0","24.0","42.5","0","460","2019-08-14 06:37:23+02:00"
"4","27.0","24.0","43.0","0","455","2019-08-14 06:52:23+02:00"
"4","27.0","24.0","43.0","0","462","2019-08-14 07:07:23+02:00"
"4","30.0","24.0","43.5","0","460","2019-08-14 07:22:23+02:00"
"4","27.0","24.0","43.5","0","453","2019-08-14 07:37:23+02:00"
"4","30.0","24.0","44.0","4","455","2019-08-14 07:52:23+02:00"
"4","49.5","24.0","44.0","16","490","2019-08-14 08:07:23+02:00"
"4","61.0","24.0","44.5","38","504","2019-08-14 08:22:23+02:00"
"4","61.5","24.0","44.5","64","510","2019-08-14 08:37:23+02:00"
"4","51.5","24.3","44.5","94","498","2019-08-14 08:52:22+02:00"
"4","52.0","24.3","45.0","110","511","2019-08-14 09:07:23+02:00"
"4","48.5","24.3","45.0","128","518","2019-08-14 09:22:26+02:00"
"4","50.5","24.5","45.5","146","543","2019-08-14 09:37:23+02:00"
"4","54.0","24.5","45.5","168","531","2019-08-14 09:52:25+02:00"
"4","48.5","24.8","45.5","184","535","2019-08-14 10:07:23+02:00"
"4","41.5","24.8","45.5","212","515","2019-08-14 10:22:22+02:00"
"4","43.0","25.0","45.5","240","513","2019-08-14 10:37:23+02:00"
"4","39.0","25.3","46.0","282","492","2019-08-14 10:52:24+02:00"
"4","43.5","25.3","45.5","330","508","2019-08-14 11:07:25+02:00"
"4","53.5","25.5","46.0","366","513","2019-08-14 11:22:26+02:00"
"4","45.0","25.8","45.5","376","498","2019-08-14 11:37:27+02:00"
"4","48.0","25.8","45.5","394","500","2019-08-14 11:52:27+02:00"
"4","42.0","26.0","45.0","416","503","2019-08-14 12:07:28+02:00"
"4","51.0","26.3","44.5","412","503","2019-08-14 12:22:29+02:00"
"4","50.0","26.5","44.5","438","527","2019-08-14 12:37:30+02:00"
"4","38.5","26.8","44.0","482","507","2019-08-14 12:52:31+02:00"
"4","30.0","26.8","44.0","500","483","2019-08-14 13:07:32+02:00"
"4","31.5","27.0","44.0","538","467","2019-08-14 13:22:33+02:00"
"4","44.0","27.0","44.5","516","469","2019-08-14 13:37:22+02:00"
"4","53.5","27.3","45.0","516","503","2019-08-14 13:52:21+02:00"
"4","49.5","27.5","44.5","496","511","2019-08-14 14:07:22+02:00"
"4","39.0","27.5","44.0","482","512","2019-08-14 14:22:21+02:00"
"4","36.5","27.5","43.5","452","488","2019-08-14 14:37:25+02:00"
"4","51.5","27.8","44.0","420","510","2019-08-14 14:52:21+02:00"
"4","37.5","27.8","44.0","390","503","2019-08-14 15:07:22+02:00"
"4","52.5","27.8","43.5","364","485","2019-08-14 15:22:22+02:00"
"4","37.0","27.8","43.0","352","478","2019-08-14 15:37:21+02:00"
"4","47.5","27.8","43.0","322","488","2019-08-14 15:52:22+02:00"
"4","48.5","27.8","43.0","288","504","2019-08-14 16:07:21+02:00"
"4","46.0","27.8","42.5","264","497","2019-08-14 16:22:22+02:00"
"4","37.0","27.8","42.5","234","495","2019-08-14 16:37:22+02:00"
"4","46.5","27.8","42.0","216","502","2019-08-14 16:52:21+02:00"
"4","57.0","27.8","42.0","200","491","2019-08-14 17:07:22+02:00"
"4","47.5","28.0","41.5","202","503","2019-08-14 17:22:21+02:00"
"4","34.5","27.8","41.5","176","500","2019-08-14 17:37:22+02:00"
"4","44.5","27.8","41.5","152","518","2019-08-14 17:52:21+02:00"
"4","38.5","27.8","42.0","132","513","2019-08-14 18:07:22+02:00"
"4","30.0","27.8","42.5","110","514","2019-08-14 18:22:21+02:00"
"4","31.5","27.8","42.5","92","494","2019-08-14 18:37:22+02:00"
"4","27.0","27.8","43.0","80","499","2019-08-14 18:52:21+02:00"
"4","31.5","27.5","43.0","62","482","2019-08-14 19:07:22+02:00"
"4","27.0","27.5","43.0","54","482","2019-08-14 19:22:21+02:00"
"4","27.0","27.5","43.0","40","466","2019-08-14 19:37:21+02:00"
"4","27.0","27.5","43.5","22","467","2019-08-14 19:52:21+02:00"
"4","27.0","27.3","44.0","10","475","2019-08-14 20:07:21+02:00"
"4","27.0","27.3","44.0","2","464","2019-08-14 20:22:21+02:00"
"4","27.0","27.3","44.0","0","461","2019-08-14 20:37:21+02:00"
"4","27.0","27.0","44.0","0","473","2019-08-14 20:52:21+02:00"
"4","27.0","27.0","44.5","2","460","2019-08-14 21:07:21+02:00"
"4","27.0","27.0","45.5","0","457","2019-08-14 21:22:21+02:00"
"4","27.0","26.8","46.0","0","450","2019-08-14 21:37:21+02:00"
"4","27.0","26.8","47.0","0","453","2019-08-14 21:52:21+02:00"
"4","27.0","26.8","47.5","0","449","2019-08-14 22:07:21+02:00"
"4","27.0","26.8","48.0","0","458","2019-08-14 22:22:21+02:00"
"4","27.0","26.5","49.0","0","456","2019-08-14 22:37:21+02:00"
"4","27.0","26.5","49.5","0","462","2019-08-14 22:52:20+02:00"
"4","27.0","26.5","50.0","0","454","2019-08-14 23:07:21+02:00"
"4","27.0","26.5","50.5","0","459","2019-08-14 23:22:21+02:00"
"4","27.0","26.5","51.0","0","457","2019-08-14 23:37:21+02:00"
"4","27.0","26.5","51.0","0","463","2019-08-14 23:52:20+02:00"
"4","27.0","26.3","51.0","0","457","2019-08-15 00:07:21+02:00"
"4","27.0","26.3","50.5","0","461","2019-08-15 00:22:20+02:00"
"4","27.0","26.3","50.5","0","472","2019-08-15 00:37:21+02:00"
"4","27.0","26.3","50.0","0","456","2019-08-15 00:52:20+02:00"
"4","27.0","26.3","49.5","0","463","2019-08-15 01:07:20+02:00"
"4","27.0","26.3","49.0","0","462","2019-08-15 01:22:20+02:00"
"4","27.0","26.3","49.0","0","457","2019-08-15 01:37:20+02:00"
"4","27.0","26.3","48.5","0","473","2019-08-15 01:52:20+02:00"
"4","27.0","26.0","48.5","0","462","2019-08-15 02:07:20+02:00"
"4","27.0","26.0","49.0","0","476","2019-08-15 02:22:20+02:00"
"4","27.0","26.0","49.0","0","468","2019-08-15 02:37:20+02:00"
"4","27.0","26.0","49.0","0","467","2019-08-15 02:52:23+02:00"
"4","27.0","26.0","49.0","0","462","2019-08-15 03:07:20+02:00"
"4","27.0","26.0","49.5","0","454","2019-08-15 03:22:20+02:00"
"4","27.0","26.0","49.5","0","461","2019-08-15 03:37:21+02:00"
"4","27.0","25.8","51.0","0","465","2019-08-15 03:52:21+02:00"
"4","27.0","25.8","53.5","0","466","2019-08-15 04:07:22+02:00"
"4","27.0","25.8","56.0","0","456","2019-08-15 04:22:23+02:00"
"4","27.0","25.8","59.0","0","468","2019-08-15 04:37:23+02:00"
"4","27.0","25.8","60.0","0","464","2019-08-15 04:52:25+02:00"
"4","27.0","25.8","61.0","0","452","2019-08-15 05:07:25+02:00"
"4","27.0","25.8","61.5","0","454","2019-08-15 05:22:32+02:00"
"4","27.0","25.8","62.5","0","451","2019-08-15 05:37:27+02:00"
"4","27.0","25.8","63.0","0","461","2019-08-15 05:52:28+02:00"
"4","27.0","25.8","63.0","0","452","2019-08-15 06:07:29+02:00"
"4","27.0","25.8","63.0","0","456","2019-08-15 06:22:30+02:00"
"4","27.0","25.8","63.0","0","464","2019-08-15 06:37:19+02:00"
"4","27.0","25.8","62.5","0","453","2019-08-15 06:52:20+02:00"
"4","27.0","25.8","63.0","0","452","2019-08-15 07:07:19+02:00"
"4","27.0","25.8","63.0","0","453","2019-08-15 07:22:19+02:00"
"4","27.0","25.8","63.0","0","461","2019-08-15 07:37:19+02:00"
"4","27.0","25.8","63.0","0","465","2019-08-15 07:52:20+02:00"
"4","49.5","25.8","63.5","8","477","2019-08-15 08:07:19+02:00"
"4","35.5","25.5","65.0","12","470","2019-08-15 08:22:19+02:00"
"4","41.0","25.3","66.0","14","462","2019-08-15 08:37:23+02:00"
"4","46.0","25.0","66.5","18","480","2019-08-15 08:52:19+02:00"
"4","46.5","24.8","68.0","30","487","2019-08-15 09:07:19+02:00"
"4","43.0","24.5","69.0","36","496","2019-08-15 09:22:19+02:00"
"4","39.0","24.5","70.5","30","475","2019-08-15 09:37:19+02:00"
"4","40.0","24.3","71.5","38","472","2019-08-15 09:52:19+02:00"
"4","35.5","24.0","72.0","48","469","2019-08-15 10:07:19+02:00"
"4","36.0","24.0","72.5","62","477","2019-08-15 10:22:19+02:00"
"4","38.0","24.0","72.0","110","487","2019-08-15 10:37:19+02:00"
"4","38.5","24.0","72.0","172","475","2019-08-15 10:52:19+02:00"
"4","41.5","24.0","71.5","248","480","2019-08-15 11:07:19+02:00"
"4","37.5","24.3","72.0","118","477","2019-08-15 11:22:19+02:00"
"4","37.5","24.3","72.5","198","485","2019-08-15 11:37:19+02:00"
"4","38.5","24.5","72.0","148","482","2019-08-15 11:52:19+02:00"
"4","40.0","24.5","72.0","82","482","2019-08-15 12:07:19+02:00"
"4","37.0","24.5","72.0","52","476","2019-08-15 12:22:18+02:00"
"4","42.0","24.5","71.5","38","492","2019-08-15 12:37:22+02:00"
"4","35.5","24.8","71.0","58","503","2019-08-15 12:52:18+02:00"
"4","30.0","25.0","70.0","58","492","2019-08-15 13:07:18+02:00"
"4","30.0","25.0","69.5","58","479","2019-08-15 13:22:19+02:00"
"4","44.5","25.0","69.0","46","486","2019-08-15 13:37:19+02:00"
"4","37.5","25.3","68.5","42","500","2019-08-15 13:52:18+02:00"
"4","37.5","25.3","68.0","36","524","2019-08-15 14:07:18+02:00"
"4","36.5","25.3","68.5","40","526","2019-08-15 14:22:19+02:00"
"4","40.5","25.3","68.5","50","528","2019-08-15 14:37:18+02:00"
"4","39.5","25.5","68.5","68","539","2019-08-15 14:52:19+02:00"
"4","37.5","25.5","68.5","114","543","2019-08-15 15:07:18+02:00"
"4","41.0","25.5","68.5","104","531","2019-08-15 15:22:19+02:00"
"4","36.0","25.5","68.0","86","506","2019-08-15 15:37:18+02:00"
"4","37.5","25.5","67.5","80","499","2019-08-15 15:52:19+02:00"
"4","38.0","25.5","67.5","84","523","2019-08-15 16:07:19+02:00"
"4","40.0","25.5","67.5","92","554","2019-08-15 16:22:18+02:00"
"4","39.0","25.5","67.5","108","551","2019-08-15 16:37:18+02:00"
"4","38.0","25.5","67.0","134","541","2019-08-15 16:52:18+02:00"
"4","37.5","25.8","67.0","134","547","2019-08-15 17:07:18+02:00"
"4","37.5","25.8","67.0","194","529","2019-08-15 17:22:18+02:00"
"4","45.0","25.8","66.5","134","551","2019-08-15 17:37:18+02:00"
"4","42.0","26.0","65.5","114","540","2019-08-15 17:52:18+02:00"
"4","38.5","26.0","65.0","100","541","2019-08-15 18:07:17+02:00"
"4","38.0","26.0","64.5","94","517","2019-08-15 18:22:18+02:00"
"4","36.0","26.0","64.5","86","507","2019-08-15 18:37:18+02:00"
"4","30.0","26.0","64.0","76","498","2019-08-15 18:52:17+02:00"
"4","50.0","26.0","64.0","58","495","2019-08-15 19:07:21+02:00"
"4","27.0","26.0","64.5","50","482","2019-08-15 19:22:18+02:00"
"4","27.0","25.8","65.0","36","476","2019-08-15 19:37:18+02:00"
"4","27.0","25.8","65.0","20","469","2019-08-15 19:52:17+02:00"
"4","27.0","25.8","65.5","8","468","2019-08-15 20:07:18+02:00"
"4","27.0","25.8","65.0","2","461","2019-08-15 20:22:18+02:00"
"4","27.0","25.8","65.0","0","470","2019-08-15 20:37:18+02:00"
"4","27.0","25.5","65.0","0","463","2019-08-15 20:52:18+02:00"
"4","27.0","25.5","65.0","0","468","2019-08-15 21:07:20+02:00"
"4","27.0","25.5","65.0","0","461","2019-08-15 21:22:20+02:00"
"4","27.0","25.5","65.0","0","481","2019-08-15 21:37:21+02:00"
"4","27.0","25.5","65.0","0","473","2019-08-15 21:52:22+02:00"
"4","27.0","25.5","65.0","0","475","2019-08-15 22:07:22+02:00"
"4","27.0","25.3","65.5","0","471","2019-08-15 22:22:24+02:00"
"4","27.0","25.3","65.0","0","472","2019-08-15 22:37:24+02:00"
"4","27.0","25.3","65.0","0","466","2019-08-15 22:52:25+02:00"
"4","27.0","25.3","65.0","0","477","2019-08-15 23:07:26+02:00"
"4","27.0","25.3","65.0","0","467","2019-08-15 23:22:27+02:00"
"4","27.0","25.3","64.5","0","489","2019-08-15 23:37:17+02:00"
"4","27.0","25.3","64.5","0","476","2019-08-15 23:52:17+02:00"
"4","27.0","25.3","64.0","0","478","2019-08-16 00:07:17+02:00"
"4","27.0","25.3","63.5","0","483","2019-08-16 00:22:17+02:00"
"4","27.0","25.0","63.5","0","480","2019-08-16 00:37:17+02:00"
"4","27.0","25.0","63.5","0","488","2019-08-16 00:52:17+02:00"
"4","27.0","25.0","63.0","0","492","2019-08-16 01:07:17+02:00"
"4","27.0","25.0","63.0","0","502","2019-08-16 01:22:17+02:00"
"4","27.0","25.0","62.5","0","483","2019-08-16 01:37:17+02:00"
"4","27.0","25.0","62.5","0","500","2019-08-16 01:52:20+02:00"
"4","27.0","25.0","62.0","0","502","2019-08-16 02:07:17+02:00"
"4","27.0","25.0","62.0","0","487","2019-08-16 02:22:17+02:00"
"4","27.0","24.8","62.0","0","502","2019-08-16 02:37:16+02:00"
"4","27.0","24.8","62.0","0","494","2019-08-16 02:52:17+02:00"
"4","27.0","24.8","62.0","0","511","2019-08-16 03:07:17+02:00"
"4","27.0","24.8","61.0","0","498","2019-08-16 03:22:16+02:00"
"4","27.0","24.8","61.0","0","503","2019-08-16 03:37:17+02:00"
"4","27.0","24.8","61.0","0","498","2019-08-16 03:52:16+02:00"
"4","27.0","24.5","61.0","0","499","2019-08-16 04:07:17+02:00"
"4","27.0","24.5","61.0","0","508","2019-08-16 04:22:16+02:00"
"4","27.0","24.5","61.5","0","489","2019-08-16 04:37:16+02:00"
"4","27.0","24.5","62.0","0","499","2019-08-16 04:52:16+02:00"
"4","27.0","24.5","62.0","0","508","2019-08-16 05:07:17+02:00"
"4","27.0","24.5","62.0","0","484","2019-08-16 05:22:16+02:00"
"4","27.0","24.5","62.0","0","500","2019-08-16 05:37:16+02:00"
"4","27.0","24.5","62.0","0","503","2019-08-16 05:52:16+02:00"
"4","27.0","24.5","61.5","0","510","2019-08-16 06:07:16+02:00"
"4","27.0","24.3","61.5","0","519","2019-08-16 06:22:19+02:00"
"4","27.0","24.3","61.0","0","503","2019-08-16 06:37:16+02:00"
"4","27.0","24.3","61.0","0","510","2019-08-16 06:52:16+02:00"
"4","27.0","24.3","61.0","0","517","2019-08-16 07:07:15+02:00"
"4","27.0","24.3","61.5","0","509","2019-08-16 07:22:16+02:00"
"4","27.0","24.0","62.5","0","501","2019-08-16 07:37:16+02:00"
"4","27.0","24.0","63.0","0","499","2019-08-16 07:52:16+02:00"
"4","41.0","24.0","63.5","8","504","2019-08-16 08:07:15+02:00"
"4","31.5","24.0","64.0","20","511","2019-08-16 08:22:16+02:00"
"4","35.5","24.0","64.0","32","496","2019-08-16 08:37:15+02:00"
"4","48.5","23.8","63.5","76","511","2019-08-16 08:52:16+02:00"
"4","48.5","23.8","63.0","108","524","2019-08-16 09:07:16+02:00"
"4","46.5","23.8","63.0","140","533","2019-08-16 09:22:19+02:00"
"4","41.0","24.0","63.0","174","562","2019-08-16 09:37:15+02:00"
"4","48.0","24.0","63.0","218","551","2019-08-16 09:52:16+02:00"
"4","39.0","24.3","63.5","228","585","2019-08-16 10:07:15+02:00"
"4","40.5","24.5","63.5","256","581","2019-08-16 10:22:15+02:00"
"4","41.0","24.5","63.5","302","561","2019-08-16 10:37:16+02:00"
"4","47.5","24.8","64.0","360","548","2019-08-16 10:52:15+02:00"
"4","40.5","24.8","63.5","386","547","2019-08-16 11:07:15+02:00"
"4","43.5","25.0","63.0","426","537","2019-08-16 11:22:16+02:00"
"4","40.5","25.0","63.0","432","547","2019-08-16 11:37:15+02:00"
"4","34.0","25.3","62.5","444","538","2019-08-16 11:52:15+02:00"
"4","39.5","25.5","62.0","458","531","2019-08-16 12:07:15+02:00"
"4","40.5","25.5","61.0","466","530","2019-08-16 12:22:15+02:00"
"4","44.0","25.8","61.0","496","525","2019-08-16 12:37:15+02:00"
"4","39.0","25.8","61.5","494","523","2019-08-16 12:52:15+02:00"
"4","27.0","26.0","61.5","506","510","2019-08-16 13:07:15+02:00"
"4","27.0","26.0","61.0","552","489","2019-08-16 13:22:15+02:00"
"4","37.5","26.0","60.0","526","483","2019-08-16 13:37:15+02:00"
"4","41.5","26.3","59.5","490","496","2019-08-16 13:52:16+02:00"
"4","34.5","26.3","58.5","478","481","2019-08-16 14:07:17+02:00"
"4","31.5","26.3","57.5","450","480","2019-08-16 14:22:18+02:00"
"4","30.0","26.3","56.0","422","469","2019-08-16 14:37:19+02:00"
"4","30.0","26.3","54.0","398","474","2019-08-16 14:52:19+02:00"
"4","34.5","26.5","52.5","372","488","2019-08-16 15:07:20+02:00"
"4","39.5","26.5","51.0","346","487","2019-08-16 15:22:21+02:00"
"4","31.5","26.5","47.5","332","478","2019-08-16 15:37:22+02:00"
"4","36.5","26.5","45.0","314","456","2019-08-16 15:52:23+02:00"
"4","30.0","26.5","44.0","296","449","2019-08-16 16:07:24+02:00"
"4","34.0","26.5","43.5","268","464","2019-08-16 16:22:24+02:00"
"4","34.0","26.8","44.0","242","463","2019-08-16 16:37:25+02:00"
"4","34.0","26.8","47.5","224","472","2019-08-16 16:52:14+02:00"
"4","46.0","26.8","49.5","220","478","2019-08-16 17:07:18+02:00"
"4","33.0","26.8","51.0","214","472","2019-08-16 17:22:15+02:00"
"4","31.5","26.8","52.5","182","460","2019-08-16 17:37:14+02:00"
"4","31.5","26.8","56.0","150","474","2019-08-16 17:52:15+02:00"
"4","39.5","26.5","58.0","132","481","2019-08-16 18:07:15+02:00"
"4","33.0","26.5","58.0","104","472","2019-08-16 18:22:14+02:00"
"4","30.0","26.3","56.0","86","485","2019-08-16 18:37:14+02:00"
"4","27.0","26.3","55.5","74","479","2019-08-16 18:52:14+02:00"
"4","30.0","26.0","55.5","58","481","2019-08-16 19:07:15+02:00"
"4","38.0","26.0","55.0","50","461","2019-08-16 19:22:20+02:00"
"4","30.0","26.0","55.0","34","467","2019-08-16 19:37:14+02:00"
"4","27.0","25.8","55.0","18","474","2019-08-16 19:52:14+02:00"
"4","27.0","25.8","55.5","8","462","2019-08-16 20:07:14+02:00"
"4","27.0","25.8","56.5","2","481","2019-08-16 20:22:14+02:00"
"4","27.0","25.8","57.5","0","467","2019-08-16 20:37:14+02:00"
"4","27.0","25.5","59.5","4","453","2019-08-16 20:52:14+02:00"
"4","27.0","25.5","61.5","2","460","2019-08-16 21:07:14+02:00"
"4","27.0","25.5","62.5","2","465","2019-08-16 21:22:13+02:00"
"4","27.0","25.5","63.5","0","461","2019-08-16 21:37:14+02:00"
"4","27.0","25.3","64.0","0","462","2019-08-16 21:52:14+02:00"
"4","27.0","25.3","64.5","0","470","2019-08-16 22:07:14+02:00"
"4","27.0","25.3","65.0","0","464","2019-08-16 22:22:13+02:00"
"4","27.0","25.3","65.0","0","468","2019-08-16 22:37:14+02:00"
"4","27.0","25.3","65.0","0","460","2019-08-16 22:52:16+02:00"
"4","27.0","25.3","65.0","0","468","2019-08-16 23:07:14+02:00"
"4","27.0","25.3","65.0","0","461","2019-08-16 23:22:13+02:00"
"4","27.0","25.0","65.0","0","464","2019-08-16 23:37:14+02:00"
"4","27.0","25.0","64.5","0","465","2019-08-16 23:52:13+02:00"
"4","27.0","25.0","64.0","0","465","2019-08-17 00:07:17+02:00"
"4","27.0","25.0","63.5","0","479","2019-08-17 00:22:13+02:00"
"4","27.0","25.0","62.5","0","478","2019-08-17 00:37:13+02:00"
"4","27.0","25.0","60.5","0","465","2019-08-17 00:52:14+02:00"
"4","27.0","25.0","59.0","0","474","2019-08-17 01:07:13+02:00"
"4","27.0","25.0","58.0","0","485","2019-08-17 01:22:14+02:00"
"4","27.0","25.0","57.5","0","480","2019-08-17 01:37:13+02:00"
"4","27.0","25.0","57.0","0","488","2019-08-17 01:52:13+02:00"
"4","27.0","24.8","56.0","0","469","2019-08-17 02:07:13+02:00"
"4","27.0","24.8","55.5","0","489","2019-08-17 02:22:13+02:00"
"4","27.0","24.8","55.0","0","488","2019-08-17 02:37:13+02:00"
"4","27.0","24.8","54.5","0","478","2019-08-17 02:52:13+02:00"
"4","27.0","24.8","54.5","0","482","2019-08-17 03:07:13+02:00"
"4","27.0","24.8","54.5","0","481","2019-08-17 03:22:12+02:00"
"4","27.0","24.8","54.5","0","481","2019-08-17 03:37:13+02:00"
"4","27.0","24.5","55.0","0","476","2019-08-17 03:52:13+02:00"
"4","27.0","24.5","55.5","0","472","2019-08-17 04:07:16+02:00"
"4","27.0","24.5","55.5","0","475","2019-08-17 04:22:13+02:00"
"4","27.0","24.5","56.0","0","487","2019-08-17 04:37:12+02:00"
"4","27.0","24.5","56.0","0","477","2019-08-17 04:52:13+02:00"
"4","27.0","24.5","56.0","0","466","2019-08-17 05:07:13+02:00"
"4","27.0","24.5","56.0","0","460","2019-08-17 05:22:13+02:00"
"4","27.0","24.5","56.5","0","484","2019-08-17 05:37:12+02:00"
"4","27.0","24.5","56.5","0","485","2019-08-17 05:52:13+02:00"
"4","27.0","24.5","56.5","0","489","2019-08-17 06:07:13+02:00"
"4","27.0","24.3","56.5","0","483","2019-08-17 06:22:12+02:00"
"4","27.0","24.3","56.5","0","486","2019-08-17 06:37:13+02:00"
"4","27.0","24.3","57.0","0","481","2019-08-17 06:52:12+02:00"
"4","27.0","24.3","57.0","0","479","2019-08-17 07:07:17+02:00"
"4","27.0","24.3","57.5","0","474","2019-08-17 07:22:14+02:00"
"4","30.0","24.3","58.0","0","477","2019-08-17 07:37:16+02:00"
"4","30.0","24.3","58.0","2","482","2019-08-17 07:52:16+02:00"
"4","37.0","24.3","58.5","12","494","2019-08-17 08:07:17+02:00"
"4","34.0","24.3","58.5","34","493","2019-08-17 08:22:18+02:00"
"4","47.5","24.3","58.5","56","512","2019-08-17 08:37:19+02:00"
"4","53.0","24.3","59.0","82","533","2019-08-17 08:52:20+02:00"
"4","51.0","24.3","59.5","110","523","2019-08-17 09:07:21+02:00"
"4","55.0","24.3","59.5","132","548","2019-08-17 09:22:21+02:00"
"4","38.5","24.3","60.0","170","534","2019-08-17 09:37:23+02:00"
"4","39.0","24.5","60.0","204","507","2019-08-17 09:52:12+02:00"
"4","48.5","24.5","60.0","224","527","2019-08-17 10:07:12+02:00"
"4","34.5","24.5","59.5","262","486","2019-08-17 10:22:12+02:00"
"4","34.5","24.5","59.0","294","471","2019-08-17 10:37:12+02:00"
"4","36.0","24.5","58.5","360","464","2019-08-17 10:52:12+02:00"
"4","38.0","24.8","57.0","396","461","2019-08-17 11:07:12+02:00"
"4","37.5","24.8","56.0","434","473","2019-08-17 11:22:12+02:00"
"4","36.0","25.0","54.5","442","472","2019-08-17 11:37:12+02:00"
"4","38.5","25.3","53.0","438","469","2019-08-17 11:52:12+02:00"
"4","36.5","25.5","52.0","448","464","2019-08-17 12:07:11+02:00"
"4","46.5","25.8","50.0","456","469","2019-08-17 12:22:12+02:00"
"4","43.5","25.8","49.0","468","478","2019-08-17 12:37:11+02:00"
"4","30.0","26.0","48.0","492","488","2019-08-17 12:52:12+02:00"
"4","38.5","26.3","46.5","458","480","2019-08-17 13:07:11+02:00"
"4","44.5","26.5","45.5","470","470","2019-08-17 13:22:12+02:00"
"4","43.0","26.5","45.0","506","466","2019-08-17 13:37:11+02:00"
"4","39.5","26.8","44.5","530","465","2019-08-17 13:52:12+02:00"
"4","39.5","27.0","43.5","452","483","2019-08-17 14:07:11+02:00"
"4","40.0","27.0","42.5","420","475","2019-08-17 14:22:12+02:00"
"4","36.0","27.3","43.0","386","486","2019-08-17 14:37:11+02:00"
"4","35.5","27.3","43.0","358","484","2019-08-17 14:52:15+02:00"
"4","39.0","27.3","42.5","332","495","2019-08-17 15:07:12+02:00"
"4","36.0","27.3","42.5","308","486","2019-08-17 15:22:11+02:00"
"4","35.5","27.3","42.0","292","486","2019-08-17 15:37:11+02:00"
"4","38.5","27.3","42.0","274","478","2019-08-17 15:52:11+02:00"
"4","34.0","27.3","41.5","260","472","2019-08-17 16:07:11+02:00"
"4","34.0","27.3","41.0","240","490","2019-08-17 16:22:11+02:00"
"4","38.5","27.5","40.5","216","481","2019-08-17 16:37:11+02:00"
"4","34.0","27.5","40.5","196","484","2019-08-17 16:52:11+02:00"
"4","47.5","27.5","40.0","186","488","2019-08-17 17:07:11+02:00"
"4","31.5","27.5","39.5","188","492","2019-08-17 17:22:11+02:00"
"4","38.5","27.5","39.5","160","487","2019-08-17 17:37:11+02:00"
"4","35.5","27.5","39.5","132","478","2019-08-17 17:52:14+02:00"
"4","36.0","27.5","39.0","114","486","2019-08-17 18:07:14+02:00"
"4","37.0","27.5","39.0","96","469","2019-08-17 18:22:10+02:00"
"4","45.0","27.5","39.5","74","467","2019-08-17 18:37:11+02:00"
"4","37.5","27.5","39.0","66","458","2019-08-17 18:52:11+02:00"
"4","35.5","27.5","39.0","52","470","2019-08-17 19:07:11+02:00"
"4","30.0","27.5","39.5","40","469","2019-08-17 19:22:11+02:00"
"4","27.0","27.5","39.5","26","456","2019-08-17 19:37:11+02:00"
"4","34.0","27.5","39.5","16","464","2019-08-17 19:52:11+02:00"
"4","27.0","27.5","39.5","6","480","2019-08-17 20:07:10+02:00"
"4","27.0","27.5","39.5","2","456","2019-08-17 20:22:10+02:00"
"4","27.0","27.3","40.0","0","462","2019-08-17 20:37:11+02:00"
"4","27.0","27.3","40.5","0","471","2019-08-17 20:52:10+02:00"
"4","27.0","27.3","40.5","0","462","2019-08-17 21:07:11+02:00"
"4","27.0","27.3","41.0","0","476","2019-08-17 21:22:11+02:00"
"4","27.0","27.3","41.5","0","458","2019-08-17 21:37:11+02:00"
"4","27.0","27.3","42.0","0","467","2019-08-17 21:52:10+02:00"
"4","30.0","27.3","42.0","0","467","2019-08-17 22:07:10+02:00"
"4","27.0","27.0","42.5","0","460","2019-08-17 22:22:10+02:00"
"4","27.0","27.0","42.5","0","472","2019-08-17 22:37:10+02:00"
"4","27.0","27.0","42.5","0","460","2019-08-17 22:52:13+02:00"
"4","27.0","27.0","42.5","0","468","2019-08-17 23:07:10+02:00"
"4","27.0","27.0","42.5","0","465","2019-08-17 23:22:10+02:00"
"4","27.0","27.0","42.5","0","473","2019-08-17 23:37:10+02:00"
"4","27.0","26.8","42.5","0","470","2019-08-17 23:52:13+02:00"
"4","27.0","26.8","42.0","0","464","2019-08-18 00:07:11+02:00"
"4","27.0","26.8","42.0","0","469","2019-08-18 00:22:12+02:00"
"4","27.0","26.8","41.5","0","469","2019-08-18 00:37:13+02:00"
"4","27.0","26.8","41.5","0","458","2019-08-18 00:52:17+02:00"
"4","27.0","26.8","41.5","0","458","2019-08-18 01:07:18+02:00"
"4","27.0","26.8","41.5","0","457","2019-08-18 01:22:15+02:00"
"4","27.0","26.5","41.5","0","461","2019-08-18 01:37:16+02:00"
"4","27.0","26.5","41.5","0","459","2019-08-18 01:52:17+02:00"
"4","27.0","26.5","42.0","0","462","2019-08-18 02:07:18+02:00"
"4","27.0","26.5","42.0","0","452","2019-08-18 02:22:19+02:00"
"4","27.0","26.5","42.0","0","464","2019-08-18 02:37:19+02:00"
"4","27.0","26.5","42.5","0","460","2019-08-18 02:52:09+02:00"
"4","27.0","26.5","42.5","0","463","2019-08-18 03:07:09+02:00"
"4","27.0","26.5","42.5","0","453","2019-08-18 03:22:09+02:00"
"4","27.0","26.3","43.0","0","459","2019-08-18 03:52:09+02:00"
"4","27.0","26.3","43.0","0","469","2019-08-18 04:07:09+02:00"
"4","27.0","26.3","43.0","0","450","2019-08-18 04:22:09+02:00"
"4","27.0","26.3","43.0","0","459","2019-08-18 04:37:12+02:00"
"4","27.0","26.3","43.0","0","467","2019-08-18 04:52:10+02:00"
"4","27.0","26.3","43.0","0","456","2019-08-18 05:07:09+02:00"
"4","27.0","26.3","43.0","0","458","2019-08-18 05:22:14+02:00"
"4","27.0","26.3","43.0","0","470","2019-08-18 05:37:09+02:00"
"4","27.0","26.3","43.5","0","458","2019-08-18 05:52:09+02:00"
"4","27.0","26.3","43.5","0","452","2019-08-18 06:07:09+02:00"
"4","27.0","26.3","43.5","0","460","2019-08-18 06:22:09+02:00"
"4","27.0","26.0","43.5","0","456","2019-08-18 06:37:09+02:00"
"4","27.0","26.0","43.5","0","448","2019-08-18 06:52:09+02:00"
"4","27.0","26.0","43.5","0","464","2019-08-18 07:07:09+02:00"
"4","27.0","26.0","43.5","0","460","2019-08-18 07:22:09+02:00"
"4","27.0","26.0","43.5","0","460","2019-08-18 07:37:09+02:00"
"4","30.0","26.0","44.0","2","469","2019-08-18 07:52:08+02:00"
"4","49.5","26.0","44.0","14","483","2019-08-18 08:07:09+02:00"
"4","53.5","26.0","44.0","32","497","2019-08-18 08:22:08+02:00"
"4","50.0","26.0","44.0","54","506","2019-08-18 08:37:09+02:00"
"4","53.5","26.0","44.0","96","512","2019-08-18 08:52:08+02:00"
"4","49.5","26.0","44.5","120","541","2019-08-18 09:07:09+02:00"
"4","58.5","26.0","44.5","106","550","2019-08-18 09:22:09+02:00"
"4","45.0","26.3","44.5","126","573","2019-08-18 09:37:08+02:00"
"4","39.5","26.3","44.5","138","553","2019-08-18 09:52:09+02:00"
"4","41.0","26.3","44.5","160","549","2019-08-18 10:07:08+02:00"
"4","43.5","26.3","45.0","178","545","2019-08-18 10:22:09+02:00"
"4","40.5","26.3","45.0","220","534","2019-08-18 10:37:08+02:00"
"4","47.5","26.5","45.0","254","547","2019-08-18 10:52:09+02:00"
"4","52.5","26.5","45.5","318","546","2019-08-18 11:07:08+02:00"
"4","51.0","26.5","45.0","340","531","2019-08-18 11:22:09+02:00"
"4","46.0","26.8","45.0","246","521","2019-08-18 11:37:08+02:00"
"4","43.0","26.8","45.0","154","566","2019-08-18 11:52:09+02:00"
"4","52.5","26.8","45.5","194","552","2019-08-18 12:07:08+02:00"
"4","44.0","26.8","45.5","204","531","2019-08-18 12:22:08+02:00"
"4","53.0","26.8","46.0","140","494","2019-08-18 12:37:08+02:00"
"4","41.5","27.0","46.0","148","487","2019-08-18 12:52:08+02:00"
"4","38.5","27.0","46.0","174","474","2019-08-18 13:07:08+02:00"
"4","27.0","27.0","46.0","144","485","2019-08-18 13:22:08+02:00"
"4","33.0","27.0","46.0","90","492","2019-08-18 13:37:08+02:00"
"4","35.5","27.0","46.5","74","511","2019-08-18 13:52:08+02:00"
"4","38.5","27.0","46.5","72","516","2019-08-18 14:07:08+02:00"
"4","40.0","27.0","47.0","106","527","2019-08-18 14:22:08+02:00"
"4","41.0","27.0","47.5","80","544","2019-08-18 14:37:08+02:00"
"4","35.5","26.8","48.0","60","540","2019-08-18 14:52:08+02:00"
"4","38.5","26.8","48.5","56","536","2019-08-18 15:07:08+02:00"
"4","34.5","26.8","49.0","66","573","2019-08-18 15:22:08+02:00"
"4","36.5","26.8","49.0","64","602","2019-08-18 15:37:08+02:00"
"4","39.0","26.8","49.0","58","616","2019-08-18 15:52:11+02:00"
"4","37.0","27.0","49.5","54","635","2019-08-18 16:07:08+02:00"
"4","35.5","27.0","49.5","48","606","2019-08-18 16:22:07+02:00"
"4","35.5","26.8","49.5","52","593","2019-08-18 16:37:08+02:00"
"4","37.0","27.0","49.5","54","600","2019-08-18 16:52:07+02:00"
"4","35.5","27.0","50.0","54","598","2019-08-18 17:07:08+02:00"
"4","41.5","27.0","50.0","50","591","2019-08-18 17:22:09+02:00"
"4","34.0","27.0","50.0","40","566","2019-08-18 17:37:10+02:00"
"4","36.5","27.0","50.0","38","584","2019-08-18 17:52:10+02:00"
"4","41.0","26.8","50.0","34","566","2019-08-18 18:07:12+02:00"
"4","30.0","26.8","50.0","38","558","2019-08-18 18:22:13+02:00"
"4","36.0","26.8","50.0","38","547","2019-08-18 18:37:13+02:00"
"4","27.0","26.8","50.0","20","532","2019-08-18 18:52:14+02:00"
"4","35.5","26.8","50.0","14","528","2019-08-18 19:07:15+02:00"
"4","42.0","26.8","50.0","20","510","2019-08-18 19:22:16+02:00"
"4","27.0","26.8","50.0","12","498","2019-08-18 19:37:16+02:00"
"4","27.0","26.8","50.5","4","514","2019-08-18 19:52:18+02:00"
"4","27.0","26.8","50.5","0","498","2019-08-18 20:07:07+02:00"
"4","27.0","26.8","50.5","0","485","2019-08-18 20:22:10+02:00"
"4","27.0","26.8","50.5","0","482","2019-08-18 20:37:07+02:00"
"4","27.0","26.8","51.0","0","480","2019-08-18 20:52:07+02:00"
"4","27.0","26.5","50.5","0","479","2019-08-18 21:07:07+02:00"
"4","27.0","26.5","50.5","0","483","2019-08-18 21:22:06+02:00"
"4","27.0","26.5","50.5","0","470","2019-08-18 21:37:06+02:00"
"4","27.0","26.5","50.5","0","469","2019-08-18 21:52:10+02:00"
"4","27.0","26.5","50.5","0","467","2019-08-18 22:07:07+02:00"
"4","27.0","26.5","51.0","0","470","2019-08-18 22:22:07+02:00"
"4","27.0","26.5","51.0","0","468","2019-08-18 22:37:06+02:00"
"4","27.0","26.5","51.0","0","460","2019-08-18 22:52:07+02:00"
"4","27.0","26.5","51.5","0","463","2019-08-18 23:07:06+02:00"
"4","27.0","26.5","51.5","0","459","2019-08-18 23:22:06+02:00"
"4","27.0","26.3","51.5","0","467","2019-08-18 23:37:07+02:00"
"4","27.0","26.3","51.5","0","468","2019-08-18 23:52:06+02:00"
"4","27.0","26.3","51.0","0","466","2019-08-19 00:07:07+02:00"
"4","27.0","26.3","51.0","0","475","2019-08-19 00:22:07+02:00"
"4","27.0","26.3","51.0","0","451","2019-08-19 00:37:06+02:00"
"4","27.0","26.3","50.5","0","460","2019-08-19 00:52:06+02:00"
"4","27.0","26.3","50.5","0","451","2019-08-19 01:07:06+02:00"
"4","27.0","26.3","51.0","0","461","2019-08-19 01:22:06+02:00"
"4","27.0","26.3","51.5","0","454","2019-08-19 01:37:06+02:00"
"4","27.0","26.0","52.0","0","462","2019-08-19 01:52:06+02:00"
"4","27.0","26.0","53.0","0","467","2019-08-19 02:07:06+02:00"
"4","27.0","26.0","53.5","0","456","2019-08-19 02:22:06+02:00"
"4","27.0","26.0","54.0","0","467","2019-08-19 02:37:06+02:00"
"4","27.0","26.0","54.5","0","473","2019-08-19 02:52:06+02:00"
"4","27.0","26.0","55.0","0","465","2019-08-19 03:07:05+02:00"
"4","27.0","26.0","55.5","0","466","2019-08-19 03:22:09+02:00"
"4","30.0","26.0","56.5","0","469","2019-08-19 03:37:06+02:00"
"4","27.0","26.0","57.0","0","450","2019-08-19 03:52:06+02:00"
"4","27.0","26.0","57.5","0","450","2019-08-19 04:07:06+02:00"
"4","27.0","25.8","58.0","0","461","2019-08-19 04:22:06+02:00"
"4","27.0","25.8","58.0","0","454","2019-08-19 04:37:05+02:00"
"4","27.0","25.8","58.5","0","456","2019-08-19 04:52:06+02:00"
"4","27.0","25.8","58.5","0","465","2019-08-19 05:07:05+02:00"
"4","27.0","25.8","58.5","0","459","2019-08-19 05:22:05+02:00"
"4","27.0","25.8","58.5","0","459","2019-08-19 05:37:05+02:00"
"4","27.0","25.8","58.5","0","448","2019-08-19 05:52:06+02:00"
"4","27.0","25.8","59.0","0","460","2019-08-19 06:07:06+02:00"
"4","27.0","25.8","59.0","0","453","2019-08-19 06:22:06+02:00"
"4","27.0","25.8","59.0","0","460","2019-08-19 06:37:05+02:00"
"4","27.0","25.5","59.5","0","446","2019-08-19 06:52:06+02:00"
"4","27.0","25.5","59.5","0","458","2019-08-19 07:07:05+02:00"
"4","27.0","25.5","59.5","0","462","2019-08-19 07:22:06+02:00"
"4","27.0","25.5","60.0","0","461","2019-08-19 07:37:05+02:00"
"4","27.0","25.5","60.0","0","466","2019-08-19 07:52:05+02:00"
"4","27.0","25.5","60.0","4","460","2019-08-19 08:07:09+02:00"
"4","27.0","25.5","60.5","10","476","2019-08-19 08:22:05+02:00"
"4","27.0","25.5","60.5","22","459","2019-08-19 08:37:05+02:00"
"4","27.0","25.5","61.0","42","456","2019-08-19 08:52:05+02:00"
"4","30.0","25.5","61.0","56","468","2019-08-19 09:07:05+02:00"
"4","27.0","25.5","61.0","56","458","2019-08-19 09:22:05+02:00"
"4","27.0","25.5","61.5","68","459","2019-08-19 09:37:05+02:00"
"4","27.0","25.5","61.5","80","455","2019-08-19 09:52:05+02:00"
"4","27.0","25.5","61.5","86","478","2019-08-19 10:07:05+02:00"
"4","27.0","25.5","61.5","102","467","2019-08-19 10:22:06+02:00"
"4","27.0","25.5","61.5","154","465","2019-08-19 10:37:07+02:00"
"4","27.0","25.5","61.5","344","472","2019-08-19 10:52:08+02:00"
"4","27.0","25.8","62.0","384","469","2019-08-19 11:07:09+02:00"
"4","27.0","25.8","61.5","502","457","2019-08-19 11:22:09+02:00"
"4","27.0","26.0","61.0","502","471","2019-08-19 11:37:10+02:00"
"4","27.0","26.0","60.5","264","467","2019-08-19 11:52:12+02:00"
"4","27.0","26.0","60.5","410","462","2019-08-19 12:07:12+02:00"
"4","27.0","26.3","60.0","492","463","2019-08-19 12:22:13+02:00"
"4","27.0","26.3","59.5","492","462","2019-08-19 12:37:14+02:00"
"4","27.0","26.5","59.0","498","470","2019-08-19 12:52:15+02:00"
"4","27.0","26.5","58.5","516","462","2019-08-19 13:07:05+02:00"
"4","27.0","26.8","58.5","556","472","2019-08-19 13:22:05+02:00"
"4","27.0","26.8","58.0","626","463","2019-08-19 13:37:05+02:00"
"4","27.0","27.0","57.5","682","459","2019-08-19 13:52:04+02:00"
"4","27.0","27.0","57.0","532","452","2019-08-19 14:07:04+02:00"
"4","27.0","27.0","56.5","562","458","2019-08-19 14:22:04+02:00"
"4","27.0","27.0","56.0","392","464","2019-08-19 14:37:05+02:00"
"4","27.0","27.0","56.0","210","465","2019-08-19 14:52:04+02:00"
"4","27.0","27.0","55.5","156","466","2019-08-19 15:07:04+02:00"
"4","27.0","27.0","55.0","192","452","2019-08-19 15:22:04+02:00"
"4","27.0","27.0","54.5","280","460","2019-08-19 15:37:04+02:00"
"4","27.0","27.0","54.0","370","468","2019-08-19 15:52:04+02:00"
"4","27.0","27.0","54.0","284","475","2019-08-19 16:07:07+02:00"
"4","27.0","27.0","53.5","180","454","2019-08-19 16:22:04+02:00"
"4","27.0","27.0","53.5","162","463","2019-08-19 16:37:04+02:00"
"4","27.0","27.0","54.0","258","466","2019-08-19 16:52:04+02:00"
"4","27.0","27.0","54.0","252","470","2019-08-19 17:07:04+02:00"
"4","27.0","27.0","54.5","226","476","2019-08-19 17:22:04+02:00"
"4","27.0","27.0","55.0","178","449","2019-08-19 17:37:04+02:00"
"4","27.0","27.0","55.0","154","460","2019-08-19 17:52:06+02:00"
"4","27.0","27.0","55.0","124","472","2019-08-19 18:07:04+02:00"
"4","27.0","27.0","54.0","120","464","2019-08-19 18:22:04+02:00"
"4","27.0","26.8","53.5","98","456","2019-08-19 18:37:03+02:00"
"4","27.0","26.8","53.0","80","454","2019-08-19 18:52:04+02:00"
"4","27.0","26.8","52.5","62","455","2019-08-19 19:07:04+02:00"
"4","27.0","26.8","52.5","46","448","2019-08-19 19:22:03+02:00"
"4","27.0","26.8","52.5","28","465","2019-08-19 19:37:04+02:00"
"4","27.0","26.8","53.0","14","457","2019-08-19 19:52:03+02:00"
"4","27.0","26.5","53.0","4","456","2019-08-19 20:07:04+02:00"
"4","27.0","26.5","53.5","0","465","2019-08-19 20:22:03+02:00"
"4","27.0","26.5","53.5","0","454","2019-08-19 20:37:04+02:00"
"4","27.0","26.5","54.0","0","448","2019-08-19 20:52:03+02:00"
"4","27.0","26.5","54.0","0","451","2019-08-19 21:07:04+02:00"
"4","27.0","26.5","54.0","0","453","2019-08-19 21:22:03+02:00"
"4","27.0","26.3","54.0","0","458","2019-08-19 21:37:03+02:00"
"4","27.0","26.3","54.0","0","464","2019-08-19 21:52:04+02:00"
"4","27.0","26.3","54.0","0","465","2019-08-19 22:07:03+02:00"
"4","27.0","26.3","54.5","0","458","2019-08-19 22:22:03+02:00"
"4","27.0","26.3","54.5","0","468","2019-08-19 22:37:03+02:00"
"4","27.0","26.0","54.5","0","460","2019-08-19 22:52:03+02:00"
"4","27.0","26.0","54.5","0","467","2019-08-19 23:07:03+02:00"
"4","27.0","26.0","54.5","0","471","2019-08-19 23:22:03+02:00"
"4","27.0","26.0","54.5","0","470","2019-08-19 23:37:03+02:00"
"4","27.0","26.0","54.5","0","469","2019-08-19 23:52:02+02:00"
"4","27.0","26.0","54.5","0","470","2019-08-20 00:07:03+02:00"
"4","27.0","26.0","54.5","0","457","2019-08-20 00:22:03+02:00"
"4","27.0","26.0","54.5","0","473","2019-08-20 00:37:03+02:00"
"4","27.0","26.0","54.5","0","474","2019-08-20 00:52:02+02:00"
"4","27.0","26.0","54.0","0","463","2019-08-20 01:07:03+02:00"
"4","27.0","26.0","54.0","0","466","2019-08-20 01:22:03+02:00"
"4","27.0","26.0","54.0","0","472","2019-08-20 01:37:03+02:00"
"4","27.0","26.0","54.0","0","467","2019-08-20 01:52:03+02:00"
"4","27.0","25.8","54.0","0","467","2019-08-20 02:07:06+02:00"
"4","27.0","25.8","54.0","0","470","2019-08-20 02:22:06+02:00"
"4","27.0","25.8","54.0","0","467","2019-08-20 02:37:03+02:00"
"4","27.0","25.8","53.5","0","478","2019-08-20 02:52:03+02:00"
"4","27.0","25.8","53.5","0","463","2019-08-20 03:07:03+02:00"
"4","27.0","25.8","53.5","0","468","2019-08-20 03:22:04+02:00"
"4","27.0","25.8","53.5","0","467","2019-08-20 03:37:04+02:00"
"4","27.0","25.8","53.5","0","472","2019-08-20 03:52:05+02:00"
"4","27.0","25.8","53.5","0","471","2019-08-20 04:07:06+02:00"
"4","27.0","25.8","53.5","0","469","2019-08-20 04:22:07+02:00"
"4","27.0","25.8","53.5","0","482","2019-08-20 04:37:08+02:00"
"4","27.0","25.8","54.0","0","477","2019-08-20 04:52:08+02:00"
"4","27.0","25.5","54.0","0","479","2019-08-20 05:07:10+02:00"
"4","27.0","25.5","54.0","0","479","2019-08-20 05:22:11+02:00"
"4","27.0","25.5","54.0","0","480","2019-08-20 05:37:11+02:00"
"4","27.0","25.5","54.0","0","472","2019-08-20 05:52:12+02:00"
"4","27.0","25.3","54.0","0","482","2019-08-20 06:07:02+02:00"
"4","27.0","25.3","54.0","0","476","2019-08-20 06:22:02+02:00"
"4","27.0","25.3","54.0","0","479","2019-08-20 06:37:02+02:00"
"4","27.0","25.3","54.0","0","478","2019-08-20 06:52:02+02:00"
"4","27.0","25.3","54.0","0","486","2019-08-20 07:07:01+02:00"
"4","27.0","25.3","54.0","0","477","2019-08-20 07:22:02+02:00"
"4","27.0","25.3","54.0","0","473","2019-08-20 07:37:02+02:00"
"4","27.0","25.3","54.0","0","480","2019-08-20 07:52:02+02:00"
"4","27.0","25.3","54.5","4","491","2019-08-20 08:07:02+02:00"
"4","27.0","25.0","54.5","14","482","2019-08-20 08:22:02+02:00"
"4","27.0","25.0","54.5","30","492","2019-08-20 08:37:02+02:00"
"4","27.0","25.0","55.0","46","496","2019-08-20 08:52:02+02:00"
"4","27.0","25.0","55.0","68","497","2019-08-20 09:07:02+02:00"
"4","27.0","25.0","55.0","116","482","2019-08-20 09:22:02+02:00"
"4","27.0","25.0","55.0","160","495","2019-08-20 09:37:01+02:00"
"4","27.0","25.3","55.0","148","486","2019-08-20 09:52:02+02:00"
"4","27.0","25.3","55.0","182","485","2019-08-20 10:07:02+02:00"
"4","27.0","25.3","55.0","224","492","2019-08-20 10:22:01+02:00"
"4","27.0","25.3","55.0","204","489","2019-08-20 10:37:02+02:00"
"4","27.0","25.3","55.0","220","474","2019-08-20 10:52:02+02:00"
"4","27.0","25.3","55.0","258","493","2019-08-20 11:07:01+02:00"
"4","27.0","25.5","54.5","306","480","2019-08-20 11:22:02+02:00"
"4","27.0","25.5","54.5","346","481","2019-08-20 11:37:01+02:00"
"4","27.0","25.5","54.0","364","472","2019-08-20 11:52:01+02:00"
"4","27.0","25.5","53.5","372","469","2019-08-20 12:07:01+02:00"
"4","27.0","25.5","53.0","446","462","2019-08-20 12:22:01+02:00"
"4","27.0","25.8","52.5","450","470","2019-08-20 12:37:01+02:00"
"4","27.0","25.8","52.5","514","470","2019-08-20 12:52:01+02:00"
"4","27.0","26.0","52.5","496","459","2019-08-20 13:07:01+02:00"
"4","27.0","26.0","52.0","472","471","2019-08-20 13:22:01+02:00"
"4","27.0","26.0","51.5","518","458","2019-08-20 13:37:01+02:00"
"4","30.0","26.3","51.0","592","472","2019-08-20 13:52:01+02:00"
"4","27.0","26.3","51.0","544","457","2019-08-20 14:07:01+02:00"
"4","27.0","26.5","51.5","502","470","2019-08-20 14:22:01+02:00"
"4","27.0","26.5","52.0","294","464","2019-08-20 14:37:01+02:00"
"4","27.0","26.5","52.0","462","470","2019-08-20 14:52:01+02:00"
"4","27.0","26.5","52.5","398","477","2019-08-20 15:07:00+02:00"
"4","27.0","26.8","52.5","466","479","2019-08-20 15:22:01+02:00"
"4","27.0","26.8","52.5","424","466","2019-08-20 15:37:00+02:00"
"4","27.0","26.8","53.0","422","459","2019-08-20 15:52:07+02:00"
"4","27.0","26.8","53.0","358","462","2019-08-20 16:07:00+02:00"
"4","27.0","26.8","53.0","326","453","2019-08-20 16:22:01+02:00"
"4","27.0","26.8","53.0","234","468","2019-08-20 16:37:03+02:00"
"4","27.0","26.8","53.0","120","479","2019-08-20 16:52:00+02:00"
"4","30.0","26.8","53.5","68","469","2019-08-20 17:07:00+02:00"
"4","30.0","26.5","56.0","68","466","2019-08-20 17:22:01+02:00"
"4","27.0","26.3","57.0","50","450","2019-08-20 17:37:00+02:00"
"4","27.0","26.0","57.5","58","462","2019-08-20 17:52:00+02:00"
"4","27.0","26.0","58.0","60","460","2019-08-20 18:07:00+02:00"
"4","27.0","25.8","59.0","40","462","2019-08-20 18:22:00+02:00"
"4","27.0","25.5","59.5","36","466","2019-08-20 18:37:00+02:00"
"4","27.0","25.5","59.5","36","459","2019-08-20 18:52:00+02:00"
"4","27.0","25.5","60.0","32","463","2019-08-20 19:07:03+02:00"
"4","27.0","25.3","60.0","24","455","2019-08-20 19:22:00+02:00"
"4","27.0","25.3","60.5","18","458","2019-08-20 19:37:00+02:00"
"4","27.0","25.3","60.5","12","461","2019-08-20 19:52:00+02:00"
"4","27.0","25.3","61.0","4","459","2019-08-20 20:06:59+02:00"
"4","27.0","25.3","61.0","0","465","2019-08-20 20:22:01+02:00"
"4","27.0","25.3","60.5","0","461","2019-08-20 20:37:02+02:00"
"4","27.0","25.0","60.5","0","453","2019-08-20 20:52:02+02:00"
"4","27.0","25.0","61.0","0","473","2019-08-20 21:07:03+02:00"
"4","27.0","25.0","62.0","0","463","2019-08-20 21:22:04+02:00"
"4","27.0","25.0","63.0","0","456","2019-08-20 21:37:05+02:00"
"4","27.0","25.0","63.5","0","462","2019-08-20 21:52:06+02:00"
"4","27.0","25.0","64.0","0","474","2019-08-20 22:07:07+02:00"
"4","27.0","25.0","64.0","0","478","2019-08-20 22:22:10+02:00"
"4","27.0","25.0","64.5","0","476","2019-08-20 22:37:08+02:00"
"4","27.0","25.0","64.5","0","484","2019-08-20 22:52:09+02:00"
"4","27.0","25.0","64.5","0","478","2019-08-20 23:07:10+02:00"
"4","27.0","25.0","64.5","0","466","2019-08-20 23:21:59+02:00"
"4","27.0","24.8","65.0","0","467","2019-08-20 23:37:00+02:00"
"4","27.0","24.8","65.0","0","476","2019-08-20 23:51:59+02:00"
"4","27.0","24.8","65.0","0","470","2019-08-21 00:06:59+02:00"
"4","27.0","24.8","65.5","0","468","2019-08-21 00:21:59+02:00"
"4","27.0","24.8","65.5","0","475","2019-08-21 00:36:59+02:00"
"4","27.0","24.8","65.0","0","487","2019-08-21 00:52:02+02:00"
"4","27.0","24.8","65.0","0","469","2019-08-21 01:06:59+02:00"
"4","27.0","24.8","64.0","0","467","2019-08-21 01:21:59+02:00"
"4","27.0","24.8","63.5","0","462","2019-08-21 01:36:59+02:00"
"4","27.0","24.8","63.5","0","461","2019-08-21 01:51:59+02:00"
"4","27.0","24.8","63.0","0","459","2019-08-21 02:06:59+02:00"
"4","27.0","24.8","62.5","0","471","2019-08-21 02:21:59+02:00"
"4","27.0","24.8","62.5","0","460","2019-08-21 02:37:02+02:00"
"4","27.0","24.8","62.0","0","461","2019-08-21 02:51:58+02:00"
"4","27.0","24.8","62.0","0","477","2019-08-21 03:06:59+02:00"
"4","27.0","24.8","62.0","0","468","2019-08-21 03:21:58+02:00"
"4","27.0","24.8","62.0","0","471","2019-08-21 03:36:59+02:00"
"4","27.0","24.8","62.5","0","477","2019-08-21 03:51:59+02:00"
"4","27.0","24.8","62.0","0","474","2019-08-21 04:06:59+02:00"
"4","27.0","24.8","62.0","0","465","2019-08-21 04:21:58+02:00"
"4","27.0","24.8","62.0","0","474","2019-08-21 04:36:58+02:00"
"4","27.0","24.8","62.0","0","483","2019-08-21 04:51:59+02:00"
"4","27.0","24.8","62.5","0","487","2019-08-21 05:06:58+02:00"
"4","27.0","24.8","62.5","0","482","2019-08-21 05:22:02+02:00"
"4","27.0","24.8","62.5","0","478","2019-08-21 05:36:59+02:00"
"4","27.0","24.8","63.0","0","475","2019-08-21 05:51:59+02:00"
"4","27.0","24.8","63.0","0","484","2019-08-21 06:06:59+02:00"
"4","27.0","24.5","63.5","0","478","2019-08-21 06:22:01+02:00"
"4","30.0","24.5","63.5","0","475","2019-08-21 06:36:58+02:00"
"4","27.0","24.5","64.0","0","475","2019-08-21 06:51:58+02:00"
"4","30.0","24.5","64.0","0","464","2019-08-21 07:06:58+02:00"
"4","27.0","24.5","64.5","0","484","2019-08-21 07:22:01+02:00"
"4","27.0","24.5","64.5","0","476","2019-08-21 07:36:58+02:00"
"4","27.0","24.5","64.5","0","488","2019-08-21 07:51:58+02:00"
"4","31.5","24.5","64.5","8","499","2019-08-21 08:06:58+02:00"
"4","31.5","24.5","65.0","14","495","2019-08-21 08:21:58+02:00"
"4","39.5","24.5","65.0","24","499","2019-08-21 08:36:58+02:00"
"4","44.0","24.5","65.5","60","538","2019-08-21 08:51:58+02:00"
"4","39.5","24.5","66.0","88","535","2019-08-21 09:06:58+02:00"
"4","44.0","24.5","66.0","66","549","2019-08-21 09:21:58+02:00"
"4","40.5","24.5","66.5","74","560","2019-08-21 09:36:57+02:00"
"4","39.5","24.8","66.5","120","581","2019-08-21 09:51:58+02:00"
"4","37.0","24.8","66.0","98","559","2019-08-21 10:06:58+02:00"
"4","39.5","24.8","66.0","120","538","2019-08-21 10:21:57+02:00"
"4","43.0","24.8","66.0","156","532","2019-08-21 10:36:58+02:00"
"4","45.0","24.8","66.0","144","533","2019-08-21 10:51:57+02:00"
"4","38.5","24.8","66.0","172","529","2019-08-21 11:06:58+02:00"
"4","37.5","24.8","66.0","126","522","2019-08-21 11:22:01+02:00"
"4","34.5","24.8","65.5","152","516","2019-08-21 11:37:00+02:00"
"4","34.0","25.0","65.5","344","506","2019-08-21 11:51:58+02:00"
"4","45.5","25.0","65.0","290","514","2019-08-21 12:06:58+02:00"
"4","41.5","25.0","65.0","178","499","2019-08-21 12:21:57+02:00"
"4","43.5","25.0","65.0","156","523","2019-08-21 12:36:57+02:00"
"4","30.0","25.0","64.5","160","496","2019-08-21 12:51:57+02:00"
"4","27.0","25.0","64.0","210","481","2019-08-21 13:06:57+02:00"
"4","33.0","25.0","64.0","232","487","2019-08-21 13:21:58+02:00"
"4","39.0","25.3","63.5","426","489","2019-08-21 13:36:59+02:00"
"4","50.0","25.3","63.0","426","517","2019-08-21 13:51:59+02:00"
"4","39.5","25.3","62.5","288","519","2019-08-21 14:07:01+02:00"
"4","34.0","25.3","62.0","258","515","2019-08-21 14:22:04+02:00"
"4","33.0","25.5","61.5","384","503","2019-08-21 14:37:02+02:00"
"4","35.5","25.5","62.0","472","493","2019-08-21 14:52:03+02:00"
"4","35.5","25.5","63.0","290","506","2019-08-21 15:07:04+02:00"
"4","31.5","25.8","63.5","396","495","2019-08-21 15:22:04+02:00"
"4","36.5","25.8","63.0","430","494","2019-08-21 15:37:06+02:00"
"4","33.0","25.8","62.5","402","486","2019-08-21 15:52:06+02:00"
"4","33.0","25.8","62.0","366","492","2019-08-21 16:07:07+02:00"
"4","34.0","25.8","61.5","320","483","2019-08-21 16:21:57+02:00"
"4","39.0","25.8","61.5","288","481","2019-08-21 16:36:57+02:00"
"4","40.0","25.8","61.5","256","487","2019-08-21 16:51:56+02:00"
"4","53.5","25.8","62.0","214","493","2019-08-21 17:06:57+02:00"
"4","47.0","25.5","62.0","232","496","2019-08-21 17:21:56+02:00"
"4","44.0","25.5","62.0","178","486","2019-08-21 17:36:57+02:00"
"4","49.0","25.5","62.0","108","480","2019-08-21 17:51:57+02:00"
"4","27.0","25.5","62.0","88","460","2019-08-21 18:06:57+02:00"
"4","30.0","25.3","62.5","72","472","2019-08-21 18:21:56+02:00"
"4","27.0","25.3","62.5","90","469","2019-08-21 18:36:57+02:00"
"4","27.0","25.3","63.0","98","464","2019-08-21 18:51:56+02:00"
"4","27.0","25.0","63.0","94","464","2019-08-21 19:06:57+02:00"
"4","27.0","25.0","63.0","64","457","2019-08-21 19:21:56+02:00"
"4","34.5","25.0","63.0","42","459","2019-08-21 19:36:56+02:00"
"4","30.0","24.8","63.0","20","460","2019-08-21 19:51:57+02:00"
"4","27.0","24.8","63.0","6","469","2019-08-21 20:06:56+02:00"
"4","27.0","24.8","63.0","0","463","2019-08-21 20:21:57+02:00"
"4","27.0","24.5","63.5","0","457","2019-08-21 20:36:56+02:00"
"4","27.0","24.5","63.5","0","454","2019-08-21 20:51:57+02:00"
"4","27.0","24.5","63.5","0","457","2019-08-21 21:06:56+02:00"
"4","27.0","24.3","63.5","0","450","2019-08-21 21:21:56+02:00"
"4","27.0","24.3","63.5","0","453","2019-08-21 21:36:56+02:00"
"4","27.0","24.3","63.5","0","465","2019-08-21 21:51:56+02:00"
"4","27.0","24.3","63.5","0","457","2019-08-21 22:06:59+02:00"
"4","27.0","24.3","63.5","0","456","2019-08-21 22:21:57+02:00"
"4","27.0","24.0","63.5","0","464","2019-08-21 22:36:56+02:00"
"4","27.0","24.0","63.5","0","463","2019-08-21 22:51:56+02:00"
"4","27.0","24.0","63.5","0","463","2019-08-21 23:06:56+02:00"
"4","27.0","24.0","63.0","0","459","2019-08-21 23:21:56+02:00"
"4","27.0","24.0","63.0","0","455","2019-08-21 23:36:56+02:00"
"4","27.0","24.0","63.0","0","460","2019-08-21 23:51:56+02:00"
"4","27.0","23.8","63.0","0","464","2019-08-22 00:06:56+02:00"
"4","27.0","23.8","62.5","0","469","2019-08-22 00:21:59+02:00"
"4","27.0","23.8","62.5","0","447","2019-08-22 00:36:56+02:00"
"4","27.0","23.8","62.5","0","470","2019-08-22 00:51:55+02:00"
"4","27.0","23.8","62.0","0","450","2019-08-22 01:06:59+02:00"
"4","27.0","23.5","62.0","0","458","2019-08-22 01:21:55+02:00"
"4","27.0","23.5","62.0","0","454","2019-08-22 01:36:56+02:00"
"4","27.0","23.5","62.5","0","461","2019-08-22 01:51:55+02:00"
"4","27.0","23.5","62.5","0","459","2019-08-22 02:06:56+02:00"
"4","27.0","23.5","62.5","0","458","2019-08-22 02:21:55+02:00"
"4","27.0","23.5","62.5","0","458","2019-08-22 02:36:56+02:00"
"4","27.0","23.5","62.5","0","465","2019-08-22 02:51:55+02:00"
"4","27.0","23.5","62.5","0","462","2019-08-22 03:06:56+02:00"
"4","27.0","23.5","62.5","0","466","2019-08-22 03:21:55+02:00"
"4","27.0","23.5","62.0","0","473","2019-08-22 03:36:55+02:00"
"4","27.0","23.5","62.0","0","467","2019-08-22 03:51:55+02:00"
"4","27.0","23.3","62.0","0","451","2019-08-22 04:06:55+02:00"
"4","27.0","23.3","61.5","0","445","2019-08-22 04:21:55+02:00"
"4","27.0","23.3","61.5","0","462","2019-08-22 04:36:55+02:00"
"4","27.0","23.3","61.5","0","448","2019-08-22 04:51:55+02:00"
"4","27.0","23.3","61.5","0","459","2019-08-22 05:06:55+02:00"
"4","27.0","23.3","61.5","0","462","2019-08-22 05:21:55+02:00"
"4","27.0","23.3","61.0","0","465","2019-08-22 05:36:55+02:00"
"4","27.0","23.3","61.0","0","465","2019-08-22 05:51:55+02:00"
"4","27.0","23.3","61.0","0","451","2019-08-22 06:06:54+02:00"
"4","27.0","23.3","60.5","0","463","2019-08-22 06:21:55+02:00"
"4","27.0","23.5","60.5","0","470","2019-08-22 06:36:56+02:00"
"4","27.0","23.3","60.5","0","457","2019-08-22 06:51:57+02:00"
"4","27.0","23.5","60.5","0","462","2019-08-22 07:06:58+02:00"
"4","27.0","23.5","60.5","0","463","2019-08-22 07:21:58+02:00"
"4","27.0","23.5","60.0","0","468","2019-08-22 07:36:59+02:00"
"4","27.0","23.5","60.0","0","471","2019-08-22 07:52:00+02:00"
"4","27.0","23.5","60.0","6","460","2019-08-22 08:07:08+02:00"
"4","34.0","23.5","60.0","16","490","2019-08-22 08:22:01+02:00"
"4","38.5","23.5","60.0","20","510","2019-08-22 08:37:03+02:00"
"4","51.5","23.5","60.0","36","524","2019-08-22 08:52:03+02:00"
"4","55.0","23.5","60.5","32","579","2019-08-22 09:07:05+02:00"
"4","56.5","23.5","61.0","46","636","2019-08-22 09:21:55+02:00"
"4","41.0","23.5","61.0","112","667","2019-08-22 09:36:54+02:00"
"4","44.0","23.8","61.0","228","671","2019-08-22 09:51:55+02:00"
"4","38.5","23.8","61.0","140","684","2019-08-22 10:06:54+02:00"
"4","34.5","24.0","60.5","222","657","2019-08-22 10:21:54+02:00"
"4","43.0","24.0","60.0","226","626","2019-08-22 10:36:55+02:00"
"4","42.5","24.0","59.0","112","581","2019-08-22 10:51:54+02:00"
"4","42.5","24.0","58.5","116","538","2019-08-22 11:06:54+02:00"
"4","53.0","24.0","58.0","126","523","2019-08-22 11:21:54+02:00"
"4","51.5","24.0","58.0","138","512","2019-08-22 11:36:54+02:00"
"4","33.0","24.0","58.0","160","499","2019-08-22 11:51:55+02:00"
"4","34.5","24.0","58.0","222","494","2019-08-22 12:06:54+02:00"
"4","42.5","24.0","57.5","380","499","2019-08-22 12:21:54+02:00"
"4","45.5","24.0","57.0","536","506","2019-08-22 12:36:54+02:00"
"4","41.0","24.3","56.5","580","496","2019-08-22 12:51:54+02:00"
"4","31.5","24.3","56.0","534","479","2019-08-22 13:06:54+02:00"
"4","48.5","24.5","55.5","394","469","2019-08-22 13:21:54+02:00"
"4","48.0","24.5","55.5","334","491","2019-08-22 13:36:54+02:00"
"4","39.0","24.5","55.5","378","503","2019-08-22 13:51:54+02:00"
"4","35.5","24.5","56.0","384","509","2019-08-22 14:06:54+02:00"
"4","34.5","24.5","56.0","574","544","2019-08-22 14:21:53+02:00"
"4","39.0","24.8","56.5","482","495","2019-08-22 14:36:54+02:00"
"4","37.5","24.8","56.5","272","504","2019-08-22 14:51:54+02:00"
"4","36.0","24.8","56.5","326","513","2019-08-22 15:06:54+02:00"
"4","51.5","25.0","56.5","382","517","2019-08-22 15:21:54+02:00"
"4","45.5","25.0","56.5","388","518","2019-08-22 15:36:54+02:00"
"4","43.0","25.0","56.0","374","511","2019-08-22 15:51:53+02:00"
"4","38.5","25.3","56.0","354","485","2019-08-22 16:06:54+02:00"
"4","34.5","25.3","56.0","322","495","2019-08-22 16:21:53+02:00"
"4","46.0","25.3","56.0","272","498","2019-08-22 16:36:54+02:00"
"4","44.0","25.3","56.0","250","496","2019-08-22 16:51:53+02:00"
"4","51.0","25.3","56.0","218","505","2019-08-22 17:06:53+02:00"
"4","39.5","25.3","56.0","170","500","2019-08-22 17:21:54+02:00"
"4","38.0","25.3","56.0","178","488","2019-08-22 17:36:53+02:00"
"4","39.0","25.3","56.0","138","486","2019-08-22 17:51:53+02:00"
"4","43.0","25.3","56.0","124","491","2019-08-22 18:06:53+02:00"
"4","38.5","25.3","56.0","98","491","2019-08-22 18:21:53+02:00"
"4","30.0","25.0","56.0","76","487","2019-08-22 18:36:53+02:00"
"4","34.0","25.0","56.5","60","464","2019-08-22 18:51:53+02:00"
"4","27.0","25.0","57.0","48","481","2019-08-22 19:06:53+02:00"
"4","48.0","25.0","57.0","40","458","2019-08-22 19:21:56+02:00"
"4","27.0","25.0","57.5","24","452","2019-08-22 19:36:53+02:00"
"4","27.0","24.8","57.5","12","448","2019-08-22 19:51:53+02:00"
"4","27.0","24.8","57.5","4","453","2019-08-22 20:06:53+02:00"
"4","27.0","24.8","57.5","0","456","2019-08-22 20:21:53+02:00"
"4","27.0","24.8","57.5","0","454","2019-08-22 20:36:53+02:00"
"4","27.0","24.5","58.0","0","452","2019-08-22 20:51:53+02:00"
"4","27.0","24.5","58.5","0","459","2019-08-22 21:06:53+02:00"
"4","27.0","24.5","58.5","0","466","2019-08-22 21:21:52+02:00"
"4","27.0","24.5","59.0","0","460","2019-08-22 21:36:53+02:00"
"4","27.0","24.5","59.5","0","463","2019-08-22 21:51:52+02:00"
"4","27.0","24.3","59.5","0","456","2019-08-22 22:06:53+02:00"
"4","27.0","24.3","60.0","0","458","2019-08-22 22:21:53+02:00"
"4","27.0","24.3","60.0","0","459","2019-08-22 22:36:52+02:00"
"4","27.0","24.3","60.5","0","460","2019-08-22 22:51:52+02:00"
"4","27.0","24.3","61.0","0","466","2019-08-22 23:06:53+02:00"
"4","27.0","24.3","61.5","0","452","2019-08-22 23:21:53+02:00"
"4","27.0","24.3","61.5","0","453","2019-08-22 23:36:53+02:00"
"4","27.0","24.3","62.0","0","454","2019-08-22 23:51:54+02:00"
"4","27.0","24.3","62.0","0","451","2019-08-23 00:06:54+02:00"
"4","27.0","24.0","62.5","0","457","2019-08-23 00:21:55+02:00"
"4","27.0","24.0","62.5","0","458","2019-08-23 00:36:57+02:00"
"4","27.0","24.0","63.0","0","463","2019-08-23 00:51:58+02:00"
"4","27.0","24.0","63.0","0","462","2019-08-23 01:06:58+02:00"
"4","27.0","24.0","63.0","0","460","2019-08-23 01:21:59+02:00"
"4","27.0","24.0","62.0","0","466","2019-08-23 01:37:00+02:00"
"4","27.0","24.0","62.0","0","456","2019-08-23 01:52:01+02:00"
"4","27.0","24.0","62.0","0","454","2019-08-23 02:07:02+02:00"
"4","27.0","24.0","62.5","0","458","2019-08-23 02:22:05+02:00"
"4","27.0","24.0","62.5","0","459","2019-08-23 02:36:52+02:00"
"4","27.0","24.0","63.0","0","446","2019-08-23 02:51:52+02:00"
"4","27.0","23.8","63.5","0","458","2019-08-23 03:06:51+02:00"
"4","27.0","23.8","63.5","0","459","2019-08-23 03:21:51+02:00"
"4","27.0","23.8","64.0","0","466","2019-08-23 03:36:51+02:00"
"4","27.0","23.8","64.0","0","455","2019-08-23 03:51:52+02:00"
"4","27.0","23.8","64.0","0","454","2019-08-23 04:06:51+02:00"
"4","27.0","23.8","64.0","0","458","2019-08-23 04:21:52+02:00"
"4","27.0","23.8","64.0","0","466","2019-08-23 04:36:51+02:00"
"4","27.0","23.8","64.0","0","452","2019-08-23 04:51:51+02:00"
"4","27.0","23.8","64.0","0","465","2019-08-23 05:06:52+02:00"
"4","27.0","23.8","64.0","0","437","2019-08-23 05:21:52+02:00"
"4","27.0","23.8","64.0","0","455","2019-08-23 05:36:51+02:00"
"4","27.0","23.8","63.5","0","463","2019-08-23 05:51:52+02:00"
"4","27.0","23.8","63.5","0","445","2019-08-23 06:06:52+02:00"
"4","27.0","23.8","63.5","0","450","2019-08-23 06:21:52+02:00"
"4","27.0","23.8","63.0","0","446","2019-08-23 06:36:51+02:00"
"4","27.0","23.5","63.0","0","454","2019-08-23 06:51:51+02:00"
"4","27.0","23.5","63.0","0","453","2019-08-23 07:06:51+02:00"
"4","27.0","23.5","63.5","0","437","2019-08-23 07:21:52+02:00"
"4","27.0","23.5","63.5","0","449","2019-08-23 07:36:51+02:00"
"4","27.0","23.5","63.5","0","448","2019-08-23 07:51:52+02:00"
"4","27.0","23.5","63.5","4","455","2019-08-23 08:06:51+02:00"
"4","33.0","23.5","64.0","16","464","2019-08-23 08:21:51+02:00"
"4","34.0","23.5","64.5","32","506","2019-08-23 08:36:51+02:00"
"4","41.5","23.5","64.5","64","525","2019-08-23 08:51:51+02:00"
"4","44.5","23.5","64.5","110","505","2019-08-23 09:06:51+02:00"
"4","44.0","23.5","65.5","72","504","2019-08-23 09:21:51+02:00"
"4","30.0","23.5","66.0","94","491","2019-08-23 09:36:51+02:00"
"4","31.5","23.5","66.5","120","468","2019-08-23 09:51:51+02:00"
"4","33.0","23.5","67.0","132","465","2019-08-23 10:06:51+02:00"
"4","30.0","23.5","67.0","224","463","2019-08-23 10:21:51+02:00"
"4","30.0","23.5","67.0","258","474","2019-08-23 10:36:50+02:00"
"4","33.0","23.5","66.5","284","467","2019-08-23 10:51:51+02:00"
"4","30.0","23.8","66.0","384","466","2019-08-23 11:06:50+02:00"
"4","34.0","23.8","65.0","412","462","2019-08-23 11:21:51+02:00"
"4","34.0","23.8","64.5","374","480","2019-08-23 11:36:51+02:00"
"4","36.0","23.8","64.0","286","477","2019-08-23 11:51:50+02:00"
"4","39.5","24.0","64.0","384","491","2019-08-23 12:06:51+02:00"
"4","37.5","24.0","63.5","488","477","2019-08-23 12:21:53+02:00"
"4","47.5","24.0","63.0","132","472","2019-08-23 12:36:51+02:00"
"4","31.5","24.0","62.5","180","466","2019-08-23 12:51:50+02:00"
"4","31.5","24.3","63.5","552","463","2019-08-23 13:06:50+02:00"
"4","38.5","24.3","63.0","430","463","2019-08-23 13:21:50+02:00"
"4","33.0","24.3","62.0","184","450","2019-08-23 13:36:50+02:00"
"4","30.0","24.3","61.0","160","449","2019-08-23 13:51:54+02:00"
"4","42.0","24.3","61.0","130","458","2019-08-23 14:06:50+02:00"
"4","56.0","24.3","62.0","140","491","2019-08-23 14:21:50+02:00"
"4","49.0","24.3","62.5","224","494","2019-08-23 14:36:50+02:00"
"4","49.0","24.3","62.0","306","478","2019-08-23 14:51:50+02:00"
"4","49.0","24.3","61.5","220","483","2019-08-23 15:06:50+02:00"
"4","33.0","24.3","61.5","174","473","2019-08-23 15:21:53+02:00"
"4","48.5","24.3","61.0","156","467","2019-08-23 15:36:50+02:00"
"4","39.0","24.3","60.5","88","469","2019-08-23 15:51:50+02:00"
"4","45.0","24.3","60.0","332","480","2019-08-23 16:06:50+02:00"
"4","37.5","24.3","60.5","380","471","2019-08-23 16:21:50+02:00"
"4","41.0","24.3","62.0","372","480","2019-08-23 16:36:51+02:00"
"4","45.0","24.0","63.0","372","475","2019-08-23 16:51:51+02:00"
"4","46.5","24.3","63.5","424","500","2019-08-23 17:06:52+02:00"
"4","33.0","24.3","64.5","496","502","2019-08-23 17:21:53+02:00"
"4","31.5","24.0","64.0","504","470","2019-08-23 17:36:53+02:00"
"4","47.5","24.0","63.5","514","489","2019-08-23 17:51:55+02:00"
"4","36.0","24.0","63.0","490","504","2019-08-23 18:06:55+02:00"
"4","31.5","24.3","63.0","428","489","2019-08-23 18:21:56+02:00"
"4","27.0","24.3","63.5","420","471","2019-08-23 18:36:57+02:00"
"4","43.5","24.0","63.5","434","468","2019-08-23 18:51:57+02:00"
"4","34.5","24.0","63.5","416","472","2019-08-23 19:06:59+02:00"
"4","27.0","24.0","63.5","398","459","2019-08-23 19:21:59+02:00"
"4","27.0","24.0","63.0","386","456","2019-08-23 19:36:49+02:00"
"4","27.0","24.0","62.5","374","464","2019-08-23 19:51:49+02:00"
"4","27.0","24.0","62.5","366","455","2019-08-23 20:06:50+02:00"
"4","27.0","24.0","62.0","364","451","2019-08-23 20:21:50+02:00"
"4","27.0","24.0","62.0","364","449","2019-08-23 20:36:49+02:00"
"4","27.0","23.8","61.5","364","449","2019-08-23 20:51:49+02:00"
"4","27.0","23.8","61.5","364","446","2019-08-23 21:06:49+02:00"
"4","27.0","23.5","61.5","364","461","2019-08-23 21:21:49+02:00"
"4","27.0","23.5","61.5","364","447","2019-08-23 21:36:49+02:00"
"4","27.0","23.3","60.5","364","455","2019-08-23 21:51:49+02:00"
"4","27.0","23.3","60.0","364","451","2019-08-23 22:06:49+02:00"
"4","27.0","23.3","59.5","364","448","2019-08-23 22:21:52+02:00"
"4","27.0","23.3","59.0","364","458","2019-08-23 22:36:49+02:00"
"4","27.0","23.3","57.5","364","439","2019-08-23 22:51:49+02:00"
"4","27.0","23.3","56.5","364","454","2019-08-23 23:06:52+02:00"
"4","27.0","23.0","56.0","364","448","2019-08-23 23:21:49+02:00"
"4","27.0","23.0","56.0","364","445","2019-08-23 23:36:49+02:00"
"4","27.0","23.0","55.5","364","455","2019-08-23 23:51:48+02:00"
"4","27.0","23.0","56.0","362","450","2019-08-24 00:06:49+02:00"
"4","27.0","23.0","56.5","364","458","2019-08-24 00:21:49+02:00"
"4","27.0","23.0","57.0","362","453","2019-08-24 00:36:49+02:00"
"4","27.0","23.3","57.0","362","458","2019-08-24 00:51:49+02:00"
"4","27.0","23.3","57.0","364","452","2019-08-24 01:06:51+02:00"
"4","27.0","23.3","56.5","362","455","2019-08-24 01:21:49+02:00"
"4","27.0","23.3","56.5","362","456","2019-08-24 01:36:49+02:00"
"4","27.0","23.3","56.5","362","446","2019-08-24 01:51:48+02:00"
"4","27.0","23.3","56.5","362","458","2019-08-24 02:06:48+02:00"
"4","27.0","23.3","56.5","364","452","2019-08-24 02:21:48+02:00"
"4","27.0","23.3","56.5","362","448","2019-08-24 02:36:48+02:00"
"4","27.0","23.3","56.0","362","458","2019-08-24 02:51:52+02:00"
"4","27.0","23.3","56.0","362","443","2019-08-24 03:06:48+02:00"
"4","27.0","23.3","56.0","362","448","2019-08-24 03:21:48+02:00"
"4","27.0","23.0","56.0","364","441","2019-08-24 03:36:48+02:00"
"4","27.0","23.0","56.5","364","446","2019-08-24 03:51:48+02:00"
"4","27.0","23.0","56.5","364","465","2019-08-24 04:06:48+02:00"
"4","27.0","23.0","56.5","364","454","2019-08-24 04:21:48+02:00"
"4","27.0","23.0","56.5","364","444","2019-08-24 04:36:48+02:00"
"4","27.0","23.0","57.0","364","458","2019-08-24 04:51:48+02:00"
"4","27.0","23.0","57.0","364","456","2019-08-24 05:06:48+02:00"
"4","27.0","23.0","56.5","362","458","2019-08-24 05:21:48+02:00"
"4","27.0","23.0","56.5","364","442","2019-08-24 05:36:48+02:00"
"4","27.0","23.0","56.5","364","454","2019-08-24 05:51:47+02:00"
"4","27.0","23.0","56.5","364","444","2019-08-24 06:06:48+02:00"
"4","27.0","23.0","56.0","364","458","2019-08-24 06:21:48+02:00"
"4","27.0","22.8","55.5","364","450","2019-08-24 06:36:47+02:00"
"4","27.0","22.8","54.5","364","470","2019-08-24 06:51:48+02:00"
"4","27.0","22.8","54.0","364","453","2019-08-24 07:06:47+02:00"
"4","27.0","22.8","54.0","364","460","2019-08-24 07:21:48+02:00"
"4","27.0","22.8","54.5","364","458","2019-08-24 07:36:47+02:00"
"4","27.0","22.8","54.0","364","449","2019-08-24 07:51:48+02:00"
"4","27.0","22.8","53.5","372","461","2019-08-24 08:06:48+02:00"
"4","27.0","22.8","53.0","384","447","2019-08-24 08:21:51+02:00"
"4","31.5","22.8","52.0","404","459","2019-08-24 08:36:48+02:00"
"4","46.5","22.8","52.0","424","481","2019-08-24 08:51:47+02:00"
"4","43.5","22.8","52.0","452","514","2019-08-24 09:06:47+02:00"
"4","57.0","22.8","52.0","490","548","2019-08-24 09:21:47+02:00"
"4","60.5","22.8","51.5","526","556","2019-08-24 09:36:54+02:00"
"4","58.5","23.0","51.0","560","538","2019-08-24 09:51:48+02:00"
"4","44.5","23.0","51.0","612","530","2019-08-24 10:06:49+02:00"
"4","47.0","23.3","51.0","670","509","2019-08-24 10:21:50+02:00"
"4","44.5","23.3","49.5","602","481","2019-08-24 10:36:51+02:00"
"4","35.5","23.3","49.0","392","475","2019-08-24 10:51:52+02:00"
"4","30.0","23.5","49.0","438","471","2019-08-24 11:06:52+02:00"
"4","33.0","23.5","49.0","462","474","2019-08-24 11:21:54+02:00"
"4","43.5","23.8","49.0","468","514","2019-08-24 11:36:57+02:00"
"4","43.5","23.8","49.0","498","537","2019-08-24 11:51:55+02:00"
"4","42.0","24.0","49.5","128","549","2019-08-24 12:06:56+02:00"
"4","42.5","24.0","50.0","156","563","2019-08-24 12:21:56+02:00"
"4","38.0","24.0","50.5","282","552","2019-08-24 12:36:47+02:00"
"4","34.0","24.0","50.0","194","522","2019-08-24 12:51:47+02:00"
"4","27.0","24.0","50.0","256","498","2019-08-24 13:06:47+02:00"
"4","30.0","24.0","49.5","278","500","2019-08-24 13:21:47+02:00"
"4","40.0","24.0","50.0","80","506","2019-08-24 13:36:47+02:00"
"4","40.5","23.8","51.0","80","506","2019-08-24 13:51:47+02:00"
"4","37.5","23.8","52.0","90","534","2019-08-24 14:06:47+02:00"
"4","31.5","23.8","52.5","94","549","2019-08-24 14:21:47+02:00"
"4","37.5","23.8","53.0","140","552","2019-08-24 14:36:47+02:00"
"4","31.5","23.8","53.5","130","552","2019-08-24 14:51:46+02:00"
"4","34.5","23.5","54.0","130","548","2019-08-24 15:06:46+02:00"
"4","31.5","23.5","54.5","314","554","2019-08-24 15:21:47+02:00"
"4","34.0","23.8","54.5","426","559","2019-08-24 15:36:46+02:00"
"4","42.0","23.8","54.0","292","522","2019-08-24 15:51:47+02:00"
"4","34.0","23.8","54.0","156","541","2019-08-24 16:06:46+02:00"
"4","37.5","23.8","54.5","220","547","2019-08-24 16:21:47+02:00"
"4","40.0","23.5","54.0","420","558","2019-08-24 16:36:46+02:00"
"4","34.0","23.5","54.0","534","568","2019-08-24 16:51:47+02:00"
"4","33.0","23.5","54.0","428","568","2019-08-24 17:06:46+02:00"
"4","52.5","23.5","54.0","392","621","2019-08-24 17:21:46+02:00"
"4","38.0","23.5","54.0","386","580","2019-08-24 17:36:46+02:00"
"4","40.0","23.5","54.0","410","587","2019-08-24 17:51:46+02:00"
"4","34.5","23.5","55.0","460","590","2019-08-24 18:06:49+02:00"
"4","30.0","23.5","54.0","420","540","2019-08-24 18:21:50+02:00"
"4","27.0","23.5","52.5","384","509","2019-08-24 18:36:46+02:00"
"4","33.0","23.3","51.5","398","504","2019-08-24 18:51:45+02:00"
"4","38.5","23.3","51.5","396","489","2019-08-24 19:06:46+02:00"
"4","27.0","23.3","51.0","370","486","2019-08-24 19:21:49+02:00"
"4","30.0","23.3","50.5","374","477","2019-08-24 19:36:46+02:00"
"4","27.0","23.3","49.5","366","471","2019-08-24 19:51:46+02:00"
"4","27.0","23.0","49.0","362","476","2019-08-24 20:06:46+02:00"
"4","27.0","23.0","49.0","362","475","2019-08-24 20:21:45+02:00"
"4","27.0","23.0","48.5","362","466","2019-08-24 20:36:46+02:00"
"4","27.0","23.0","48.5","362","461","2019-08-24 20:51:46+02:00"
"4","27.0","23.0","48.0","362","465","2019-08-24 21:06:46+02:00"
"4","27.0","23.0","47.5","362","460","2019-08-24 21:21:46+02:00"
"4","27.0","22.8","47.0","362","459","2019-08-24 21:36:46+02:00"
"4","27.0","22.8","47.0","362","447","2019-08-24 21:51:46+02:00"
"4","27.0","22.8","46.5","362","445","2019-08-24 22:06:45+02:00"
"4","27.0","22.8","46.5","362","440","2019-08-24 22:21:45+02:00"
"4","27.0","22.8","46.0","362","446","2019-08-24 22:36:49+02:00"
"4","27.0","22.8","45.5","362","454","2019-08-24 22:51:45+02:00"
"4","27.0","22.8","45.5","362","451","2019-08-24 23:06:46+02:00"
"4","27.0","22.8","45.0","362","453","2019-08-24 23:21:51+02:00"
"4","27.0","22.8","44.5","362","447","2019-08-24 23:36:46+02:00"
"4","27.0","22.5","43.5","362","454","2019-08-24 23:51:45+02:00"
"4","27.0","22.5","43.5","362","457","2019-08-25 00:06:45+02:00"
"4","27.0","22.5","43.5","362","444","2019-08-25 00:21:49+02:00"
"4","27.0","22.5","43.5","362","460","2019-08-25 00:36:45+02:00"
"4","27.0","22.5","43.5","362","461","2019-08-25 00:51:48+02:00"
"4","27.0","22.5","43.5","362","452","2019-08-25 01:06:48+02:00"
"4","27.0","22.5","43.5","362","453","2019-08-25 01:21:48+02:00"
"4","27.0","22.5","43.5","362","444","2019-08-25 01:36:45+02:00"
"4","27.0","22.5","43.5","362","452","2019-08-25 01:51:45+02:00"
"4","27.0","22.3","43.5","362","450","2019-08-25 02:06:48+02:00"
"4","27.0","22.3","43.5","362","455","2019-08-25 02:21:45+02:00"
"4","27.0","22.3","43.0","362","450","2019-08-25 02:36:45+02:00"
"4","27.0","22.3","43.0","362","443","2019-08-25 02:51:46+02:00"
"4","27.0","22.3","43.5","362","452","2019-08-25 03:06:52+02:00"
"4","27.0","22.3","44.0","362","451","2019-08-25 03:21:47+02:00"
"4","27.0","22.3","44.0","362","454","2019-08-25 03:36:48+02:00"
"4","27.0","22.3","44.0","362","449","2019-08-25 03:51:49+02:00"
"4","27.0","22.3","44.0","362","459","2019-08-25 04:06:50+02:00"
"4","27.0","22.3","44.5","362","448","2019-08-25 04:21:50+02:00"
"4","27.0","22.0","44.5","362","444","2019-08-25 04:36:51+02:00"
"4","27.0","22.0","44.5","362","434","2019-08-25 04:51:52+02:00"
"4","27.0","22.0","44.5","362","443","2019-08-25 05:07:00+02:00"
"4","27.0","22.0","45.0","362","448","2019-08-25 05:21:56+02:00"
"4","27.0","22.0","45.0","362","458","2019-08-25 05:36:55+02:00"
"4","30.0","22.0","44.5","362","450","2019-08-25 05:51:44+02:00"
"4","33.0","22.0","44.5","362","446","2019-08-25 06:06:45+02:00"
"4","27.0","22.0","44.5","362","440","2019-08-25 06:21:44+02:00"
"4","27.0","21.8","44.5","362","450","2019-08-25 06:36:44+02:00"
"4","27.0","21.8","44.5","362","461","2019-08-25 06:51:44+02:00"
"4","27.0","21.8","44.5","362","454","2019-08-25 07:06:44+02:00"
"4","27.0","21.8","45.0","362","446","2019-08-25 07:21:45+02:00"
"4","27.0","21.8","45.0","362","442","2019-08-25 07:36:44+02:00"
"4","27.0","21.8","45.0","362","453","2019-08-25 07:51:51+02:00"
"4","40.5","21.5","45.5","360","463","2019-08-25 08:06:45+02:00"
"4","50.0","21.8","45.5","356","474","2019-08-25 08:21:47+02:00"
"4","56.0","21.8","45.5","366","507","2019-08-25 08:36:44+02:00"
"4","54.0","21.8","45.0","372","508","2019-08-25 08:51:44+02:00"
"4","50.5","21.8","45.0","386","519","2019-08-25 09:06:43+02:00"
"4","53.5","21.8","44.5","394","531","2019-08-25 09:21:44+02:00"
"4","58.5","21.8","44.0","398","530","2019-08-25 09:36:50+02:00"
"4","54.0","21.8","43.5","436","552","2019-08-25 09:51:44+02:00"
"4","48.0","21.8","43.5","592","533","2019-08-25 10:06:44+02:00"
"4","40.0","21.8","43.5","690","529","2019-08-25 10:21:44+02:00"
"4","34.5","21.8","43.0","692","513","2019-08-25 10:36:44+02:00"
"4","46.5","22.0","42.5","640","506","2019-08-25 10:51:43+02:00"
"4","51.0","22.0","42.0","420","515","2019-08-25 11:06:44+02:00"
"4","48.5","22.0","42.0","422","514","2019-08-25 11:21:43+02:00"
"4","46.5","22.0","41.5","420","503","2019-08-25 11:36:44+02:00"
